timestamp,camera,status,color,x,y,w,h,area
1763877609.056,kreo1,DETECTED,orange,756,578,32,34,806
1763877609.069,kreo2,DETECTED,orange,574,354,22,24,388
1763877609.072,kreo1,DETECTED,orange,756,576,32,36,854
1763877609.085,kreo2,DETECTED,orange,574,354,24,26,452
1763877609.092,kreo1,DETECTED,orange,756,580,32,32,774
1763877609.105,kreo2,DETECTED,orange,572,354,26,24,418
1763877609.124,kreo1,DETECTED,orange,756,578,32,34,826
1763877609.137,kreo2,DETECTED,orange,576,354,20,24,374
1763877609.156,kreo1,DETECTED,orange,756,578,32,34,800
1763877609.169,kreo2,DETECTED,orange,574,354,24,24,440
1763877609.172,kreo1,DETECTED,orange,756,576,32,36,854
1763877609.185,kreo2,DETECTED,orange,572,354,24,24,420
1763877609.192,kreo1,DETECTED,orange,756,578,32,32,768
1763877609.205,kreo2,DETECTED,orange,572,354,26,24,428
1763877609.223,kreo1,DETECTED,orange,756,576,32,36,862
1763877609.237,kreo2,DETECTED,orange,574,354,24,24,420
1763877609.256,kreo1,DETECTED,orange,756,578,32,34,812
1763877609.269,kreo2,DETECTED,orange,576,354,22,24,396
1763877609.272,kreo1,DETECTED,orange,756,578,32,34,848
1763877609.285,kreo2,DETECTED,orange,574,354,24,24,440
1763877609.292,kreo1,DETECTED,orange,756,578,32,34,776
1763877609.305,kreo2,DETECTED,orange,576,354,20,24,364
1763877609.323,kreo1,DETECTED,orange,756,576,32,36,864
1763877609.337,kreo2,DETECTED,orange,574,354,22,24,404
1763877609.356,kreo1,DETECTED,orange,756,578,32,34,808
1763877609.369,kreo2,DETECTED,orange,572,354,24,24,414
1763877609.372,kreo1,DETECTED,orange,756,578,32,34,834
1763877609.385,kreo2,DETECTED,orange,576,354,22,24,398
1763877609.392,kreo1,DETECTED,orange,756,578,32,34,780
1763877609.405,kreo2,DETECTED,orange,578,354,20,24,370
1763877609.423,kreo1,DETECTED,orange,756,578,32,34,834
1763877609.437,kreo2,DETECTED,orange,572,354,26,24,458
1763877609.455,kreo1,DETECTED,orange,756,578,32,34,802
1763877609.469,kreo2,DETECTED,orange,572,354,24,24,404
1763877609.472,kreo1,DETECTED,orange,756,576,32,34,834
1763877609.485,kreo2,DETECTED,orange,574,354,24,24,426
1763877609.492,kreo1,DETECTED,orange,756,578,32,34,808
1763877609.505,kreo2,DETECTED,orange,572,354,26,24,426
1763877609.524,kreo1,DETECTED,orange,756,576,32,36,854
1763877609.537,kreo2,DETECTED,orange,572,354,24,24,416
1763877609.555,kreo1,DETECTED,orange,756,578,32,34,798
1763877609.569,kreo2,DETECTED,orange,576,354,20,24,384
1763877609.572,kreo1,DETECTED,orange,756,578,32,34,832
1763877609.585,kreo2,DETECTED,orange,574,354,24,24,418
1763877609.592,kreo1,DETECTED,orange,756,578,32,34,810
1763877609.605,kreo2,DETECTED,orange,574,354,24,22,380
1763877609.623,kreo1,DETECTED,orange,756,576,32,36,848
1763877609.637,kreo2,DETECTED,orange,574,354,24,24,420
1763877609.656,kreo1,DETECTED,orange,756,578,32,34,808
1763877609.669,kreo2,DETECTED,orange,572,354,26,24,436
1763877609.672,kreo1,DETECTED,orange,756,576,32,36,876
1763877609.685,kreo2,DETECTED,orange,574,354,24,24,416
1763877609.692,kreo1,DETECTED,orange,756,578,32,34,818
1763877609.705,kreo2,DETECTED,orange,572,354,26,24,428
1763877609.725,kreo1,DETECTED,orange,756,576,32,36,852
1763877609.738,kreo2,DETECTED,orange,574,354,24,24,414
1763877609.757,kreo1,DETECTED,orange,756,578,32,34,812
1763877609.770,kreo2,DETECTED,orange,576,354,22,24,402
1763877609.772,kreo1,DETECTED,orange,756,576,32,36,858
1763877609.787,kreo2,DETECTED,orange,572,354,24,24,400
1763877609.793,kreo1,DETECTED,orange,756,578,32,34,798
1763877609.806,kreo2,DETECTED,orange,572,354,24,24,418
1763877609.824,kreo1,DETECTED,orange,756,578,32,34,822
1763877609.837,kreo2,DETECTED,orange,574,354,24,24,414
1763877609.856,kreo1,DETECTED,orange,756,578,32,34,812
1763877609.869,kreo2,DETECTED,orange,572,354,26,24,434
1763877609.872,kreo1,DETECTED,orange,756,576,32,36,866
1763877609.885,kreo2,DETECTED,orange,574,354,22,24,398
1763877609.892,kreo1,DETECTED,orange,756,580,32,32,762
1763877609.905,kreo2,DETECTED,orange,576,354,20,24,362
1763877609.924,kreo1,DETECTED,orange,756,578,32,34,822
1763877609.937,kreo2,DETECTED,orange,572,354,24,24,428
1763877609.956,kreo1,DETECTED,orange,756,578,32,34,804
1763877609.969,kreo2,DETECTED,orange,572,354,26,24,440
1763877609.972,kreo1,DETECTED,orange,756,578,32,34,840
1763877609.985,kreo2,DETECTED,orange,572,354,26,26,458
1763877609.992,kreo1,DETECTED,orange,756,578,32,34,786
1763877610.005,kreo2,DETECTED,orange,574,354,24,24,426
1763877610.024,kreo1,DETECTED,orange,756,576,32,36,854
1763877610.037,kreo2,DETECTED,orange,576,354,22,24,398
1763877610.056,kreo1,DETECTED,orange,756,578,32,34,820
1763877610.069,kreo2,DETECTED,orange,572,354,26,24,466
1763877610.072,kreo1,DETECTED,orange,756,576,32,36,842
1763877610.085,kreo2,DETECTED,orange,572,354,26,24,440
1763877610.092,kreo1,DETECTED,orange,756,578,32,34,814
1763877610.101,kreo2,DETECTED,orange,574,354,24,24,420
1763877610.122,kreo2,DETECTED,orange,574,352,24,26,442
1763877610.124,kreo1,DETECTED,orange,756,578,32,34,830
1763877610.153,kreo2,DETECTED,orange,574,354,22,24,376
1763877610.156,kreo1,DETECTED,orange,756,578,32,34,830
1763877610.172,kreo1,DETECTED,orange,756,578,32,34,828
1763877610.185,kreo2,DETECTED,orange,576,354,22,24,390
1763877610.192,kreo1,DETECTED,orange,756,578,32,34,792
1763877610.205,kreo2,DETECTED,orange,578,354,20,24,370
1763877610.224,kreo1,DETECTED,orange,756,578,32,34,830
1763877610.237,kreo2,DETECTED,orange,572,354,26,24,448
1763877610.256,kreo1,DETECTED,orange,756,578,32,34,822
1763877610.269,kreo2,DETECTED,orange,572,354,24,24,420
1763877610.273,kreo1,DETECTED,orange,756,578,32,34,848
1763877610.286,kreo2,DETECTED,orange,574,354,24,24,422
1763877610.292,kreo1,DETECTED,orange,756,578,32,34,814
1763877610.305,kreo2,DETECTED,orange,574,354,24,24,406
1763877610.324,kreo1,DETECTED,orange,756,576,32,36,862
1763877610.337,kreo2,DETECTED,orange,574,354,22,24,392
1763877610.356,kreo1,DETECTED,orange,756,578,32,34,832
1763877610.369,kreo2,DETECTED,orange,572,354,24,24,434
1763877610.373,kreo1,DETECTED,orange,756,576,32,36,846
1763877610.385,kreo2,DETECTED,orange,576,354,20,24,366
1763877610.392,kreo1,DETECTED,orange,756,578,32,34,778
1763877610.405,kreo2,DETECTED,orange,578,354,18,26,366
1763877610.424,kreo1,DETECTED,orange,756,576,32,36,842
1763877610.437,kreo2,DETECTED,orange,576,354,22,24,398
1763877610.456,kreo1,DETECTED,orange,756,578,32,34,826
1763877610.469,kreo2,DETECTED,orange,572,354,26,24,442
1763877610.472,kreo1,DETECTED,orange,756,576,32,34,826
1763877610.485,kreo2,DETECTED,orange,576,354,22,24,402
1763877610.492,kreo1,DETECTED,orange,756,580,32,32,754
1763877610.505,kreo2,DETECTED,orange,572,354,24,24,414
1763877610.524,kreo1,DETECTED,orange,756,576,32,36,882
1763877610.537,kreo2,DETECTED,orange,578,354,20,24,366
1763877610.555,kreo1,DETECTED,orange,756,578,32,32,774
1763877610.569,kreo2,DETECTED,orange,572,354,24,24,420
1763877610.572,kreo1,DETECTED,orange,756,578,32,34,840
1763877610.585,kreo2,DETECTED,orange,574,354,22,24,396
1763877610.592,kreo1,DETECTED,orange,756,578,32,34,806
1763877610.605,kreo2,DETECTED,orange,576,354,20,24,374
1763877610.624,kreo1,DETECTED,orange,756,576,32,36,844
1763877610.637,kreo2,DETECTED,orange,572,354,26,24,432
1763877610.655,kreo1,DETECTED,orange,756,578,32,34,810
1763877610.669,kreo2,DETECTED,orange,572,354,24,24,426
1763877610.672,kreo1,DETECTED,orange,756,576,32,36,842
1763877610.672,kreo1,DETECTED,orange,688,64,14,12,116
1763877610.685,kreo2,DETECTED,orange,572,354,26,24,436
1763877610.692,kreo1,DETECTED,orange,756,578,32,34,766
1763877610.705,kreo2,DETECTED,orange,576,354,22,24,394
1763877610.724,kreo1,DETECTED,orange,756,576,32,36,860
1763877610.737,kreo2,DETECTED,orange,572,354,26,24,450
1763877610.756,kreo1,DETECTED,orange,756,576,32,36,850
1763877610.769,kreo2,DETECTED,orange,572,354,26,24,444
1763877610.772,kreo1,DETECTED,orange,756,576,32,34,832
1763877610.785,kreo2,DETECTED,orange,574,354,24,24,414
1763877610.792,kreo1,DETECTED,orange,756,578,32,34,776
1763877610.805,kreo2,DETECTED,orange,574,354,24,24,422
1763877610.824,kreo1,DETECTED,orange,756,576,32,36,864
1763877610.837,kreo2,DETECTED,orange,576,354,20,24,366
1763877610.856,kreo1,DETECTED,orange,756,578,32,34,806
1763877610.869,kreo2,DETECTED,orange,572,354,24,24,426
1763877610.872,kreo1,DETECTED,orange,756,576,32,36,850
1763877610.885,kreo2,DETECTED,orange,576,354,22,24,374
1763877610.892,kreo1,DETECTED,orange,756,576,32,36,824
1763877610.905,kreo2,DETECTED,orange,572,354,24,24,396
1763877610.924,kreo1,DETECTED,orange,756,576,32,36,850
1763877610.937,kreo2,DETECTED,orange,572,354,24,24,410
1763877610.955,kreo1,DETECTED,orange,756,578,32,34,820
1763877610.969,kreo2,DETECTED,orange,576,354,22,24,402
1763877610.972,kreo1,DETECTED,orange,756,576,32,36,868
1763877610.985,kreo2,DETECTED,orange,574,354,24,24,418
1763877610.992,kreo1,DETECTED,orange,756,578,32,34,794
1763877611.005,kreo2,DETECTED,orange,572,354,26,24,424
1763877611.024,kreo1,DETECTED,orange,756,576,32,36,846
1763877611.037,kreo2,DETECTED,orange,576,354,20,24,366
1763877611.055,kreo1,DETECTED,orange,756,578,32,34,824
1763877611.069,kreo2,DETECTED,orange,574,354,24,24,412
1763877611.072,kreo1,DETECTED,orange,756,578,32,34,838
1763877611.085,kreo2,DETECTED,orange,574,354,22,24,388
1763877611.092,kreo1,DETECTED,orange,756,578,32,34,790
1763877611.105,kreo2,DETECTED,orange,572,354,24,24,412
1763877611.124,kreo1,DETECTED,orange,756,576,32,36,852
1763877611.137,kreo2,DETECTED,orange,574,354,22,24,392
1763877611.156,kreo1,DETECTED,orange,756,576,32,36,850
1763877611.169,kreo2,DETECTED,orange,572,354,26,24,446
1763877611.172,kreo1,DETECTED,orange,756,578,32,32,796
1763877611.185,kreo2,DETECTED,orange,572,354,26,24,438
1763877611.192,kreo1,DETECTED,orange,756,578,32,34,816
1763877611.205,kreo2,DETECTED,orange,576,354,20,24,366
1763877611.224,kreo1,DETECTED,orange,756,576,32,36,842
1763877611.237,kreo2,DETECTED,orange,576,354,22,24,398
1763877611.256,kreo1,DETECTED,orange,756,578,32,34,822
1763877611.269,kreo2,DETECTED,orange,572,354,24,24,410
1763877611.272,kreo1,DETECTED,orange,756,576,32,36,858
1763877611.285,kreo2,DETECTED,orange,576,354,22,24,394
1763877611.292,kreo1,DETECTED,orange,756,578,32,34,774
1763877611.305,kreo2,DETECTED,orange,572,354,24,24,432
1763877611.323,kreo1,DETECTED,orange,756,576,32,36,858
1763877611.337,kreo2,DETECTED,orange,572,354,26,24,438
1763877611.355,kreo1,DETECTED,orange,756,576,32,36,846
1763877611.369,kreo2,DETECTED,orange,574,354,24,24,432
1763877611.372,kreo1,DETECTED,orange,756,578,32,34,822
1763877611.385,kreo2,DETECTED,orange,574,354,24,24,420
1763877611.392,kreo1,DETECTED,orange,756,578,32,34,810
1763877611.405,kreo2,DETECTED,orange,578,354,20,24,378
1763877611.424,kreo1,DETECTED,orange,756,576,32,36,868
1763877611.437,kreo2,DETECTED,orange,574,354,22,24,398
1763877611.455,kreo1,DETECTED,orange,756,578,32,34,820
1763877611.469,kreo2,DETECTED,orange,572,354,26,24,436
1763877611.472,kreo1,DETECTED,orange,756,576,32,36,860
1763877611.485,kreo2,DETECTED,orange,572,354,26,24,430
1763877611.492,kreo1,DETECTED,orange,756,578,32,34,798
1763877611.505,kreo2,DETECTED,orange,576,354,20,24,350
1763877611.524,kreo1,DETECTED,orange,756,578,32,34,838
1763877611.537,kreo2,DETECTED,orange,572,354,24,24,410
1763877611.556,kreo1,DETECTED,orange,756,576,32,36,854
1763877611.569,kreo2,DETECTED,orange,574,354,24,24,432
1763877611.572,kreo1,DETECTED,orange,756,576,32,36,860
1763877611.585,kreo2,DETECTED,orange,574,354,22,24,404
1763877611.592,kreo1,DETECTED,orange,756,578,32,34,818
1763877611.605,kreo2,DETECTED,orange,572,354,24,24,404
1763877611.623,kreo1,DETECTED,orange,756,576,32,36,854
1763877611.637,kreo2,DETECTED,orange,572,354,26,24,446
1763877611.656,kreo1,DETECTED,orange,756,578,32,34,838
1763877611.669,kreo2,DETECTED,orange,572,354,24,24,424
1763877611.672,kreo1,DETECTED,orange,756,578,32,34,832
1763877611.685,kreo2,DETECTED,orange,572,354,26,24,438
1763877611.692,kreo1,DETECTED,orange,756,578,32,34,762
1763877611.705,kreo2,DETECTED,orange,572,354,26,24,412
1763877611.724,kreo1,DETECTED,orange,756,576,32,36,848
1763877611.738,kreo2,DETECTED,orange,570,354,28,24,456
1763877611.757,kreo1,DETECTED,orange,756,578,32,34,828
1763877611.769,kreo2,DETECTED,orange,572,354,24,24,424
1763877611.772,kreo1,DETECTED,orange,756,576,32,36,848
1763877611.785,kreo2,DETECTED,orange,572,354,26,24,442
1763877611.792,kreo1,DETECTED,orange,756,578,32,34,798
1763877611.805,kreo2,DETECTED,orange,574,354,22,24,398
1763877611.824,kreo1,DETECTED,orange,756,576,32,36,866
1763877611.837,kreo2,DETECTED,orange,572,354,26,24,430
1763877611.856,kreo1,DETECTED,orange,756,576,32,36,844
1763877611.869,kreo2,DETECTED,orange,574,354,24,24,420
1763877611.872,kreo1,DETECTED,orange,756,576,32,36,852
1763877611.885,kreo2,DETECTED,orange,572,354,24,24,412
1763877611.892,kreo1,DETECTED,orange,756,578,32,34,804
1763877611.905,kreo2,DETECTED,orange,574,354,22,24,384
1763877611.924,kreo1,DETECTED,orange,756,576,32,36,858
1763877611.937,kreo2,DETECTED,orange,574,354,24,24,426
1763877611.956,kreo1,DETECTED,orange,756,578,32,34,814
1763877611.969,kreo2,DETECTED,orange,572,354,26,24,464
1763877611.972,kreo1,DETECTED,orange,756,576,32,36,858
1763877611.985,kreo2,DETECTED,orange,574,354,24,24,428
1763877611.992,kreo1,DETECTED,orange,756,578,32,34,802
1763877612.005,kreo2,DETECTED,orange,576,354,20,24,364
1763877612.024,kreo1,DETECTED,orange,756,576,32,36,854
1763877612.037,kreo2,DETECTED,orange,572,354,24,24,410
1763877612.056,kreo1,DETECTED,orange,756,578,32,34,830
1763877612.069,kreo2,DETECTED,orange,572,352,26,26,476
1763877612.072,kreo1,DETECTED,orange,756,576,32,36,846
1763877612.085,kreo2,DETECTED,orange,574,354,24,24,400
1763877612.092,kreo1,DETECTED,orange,756,578,32,34,810
1763877612.105,kreo2,DETECTED,orange,578,352,18,26,366
1763877612.124,kreo1,DETECTED,orange,756,576,32,36,840
1763877612.138,kreo2,DETECTED,orange,572,354,26,24,438
1763877612.156,kreo1,DETECTED,orange,756,576,32,36,860
1763877612.170,kreo2,DETECTED,orange,572,352,26,26,464
1763877612.173,kreo1,DETECTED,orange,756,578,32,34,840
1763877612.186,kreo2,DETECTED,orange,574,354,22,24,402
1763877612.193,kreo1,DETECTED,orange,756,578,32,34,796
1763877612.207,kreo2,DETECTED,orange,576,354,22,24,392
1763877612.224,kreo1,DETECTED,orange,756,578,32,34,822
1763877612.237,kreo2,DETECTED,orange,576,354,22,24,398
1763877612.256,kreo1,DETECTED,orange,756,578,32,34,824
1763877612.269,kreo2,DETECTED,orange,572,354,24,24,420
1763877612.272,kreo1,DETECTED,orange,756,576,32,36,856
1763877612.285,kreo2,DETECTED,orange,572,354,26,26,448
1763877612.292,kreo1,DETECTED,orange,756,578,32,34,788
1763877612.305,kreo2,DETECTED,orange,576,354,20,24,366
1763877612.324,kreo1,DETECTED,orange,756,576,32,36,856
1763877612.337,kreo2,DETECTED,orange,574,354,22,24,388
1763877612.356,kreo1,DETECTED,orange,756,576,32,36,848
1763877612.369,kreo2,DETECTED,orange,572,354,24,24,428
1763877612.372,kreo1,DETECTED,orange,756,578,32,34,842
1763877612.372,kreo1,DETECTED,orange,690,64,12,12,100
1763877612.385,kreo2,DETECTED,orange,572,354,26,24,432
1763877612.392,kreo1,DETECTED,orange,756,578,32,34,796
1763877612.405,kreo2,DETECTED,orange,576,354,22,24,384
1763877612.424,kreo1,DETECTED,orange,756,578,32,34,832
1763877612.437,kreo2,DETECTED,orange,574,354,24,24,408
1763877612.456,kreo1,DETECTED,orange,756,578,32,34,820
1763877612.469,kreo2,DETECTED,orange,572,354,26,24,446
1763877612.472,kreo1,DETECTED,orange,756,578,32,34,826
1763877612.485,kreo2,DETECTED,orange,572,354,26,24,424
1763877612.492,kreo1,DETECTED,orange,756,578,32,34,804
1763877612.505,kreo2,DETECTED,orange,578,354,20,24,370
1763877612.523,kreo1,DETECTED,orange,756,578,32,34,806
1763877612.523,kreo1,DETECTED,orange,690,64,12,12,100
1763877612.537,kreo2,DETECTED,orange,572,354,24,24,404
1763877612.556,kreo1,DETECTED,orange,756,576,32,36,868
1763877612.569,kreo2,DETECTED,orange,572,352,24,26,456
1763877612.572,kreo1,DETECTED,orange,756,578,32,34,826
1763877612.585,kreo2,DETECTED,orange,576,354,22,26,406
1763877612.592,kreo1,DETECTED,orange,756,578,32,34,806
1763877612.605,kreo2,DETECTED,orange,574,354,24,24,416
1763877612.624,kreo1,DETECTED,orange,756,578,32,34,814
1763877612.637,kreo2,DETECTED,orange,578,354,18,24,346
1763877612.656,kreo1,DETECTED,orange,756,578,32,32,790
1763877612.669,kreo2,DETECTED,orange,576,354,20,26,398
1763877612.672,kreo1,DETECTED,orange,756,576,32,36,842
1763877612.685,kreo2,DETECTED,orange,578,354,20,24,368
1763877612.693,kreo1,DETECTED,orange,756,580,32,32,772
1763877612.705,kreo2,DETECTED,orange,572,354,26,24,430
1763877612.724,kreo1,DETECTED,orange,756,578,32,34,816
1763877612.738,kreo2,DETECTED,orange,576,354,20,24,372
1763877612.756,kreo1,DETECTED,orange,756,578,32,34,834
1763877612.769,kreo2,DETECTED,orange,572,354,26,24,458
1763877612.772,kreo1,DETECTED,orange,756,576,32,36,848
1763877612.785,kreo2,DETECTED,orange,574,354,22,24,390
1763877612.792,kreo1,DETECTED,orange,756,578,32,34,798
1763877612.805,kreo2,DETECTED,orange,574,354,24,24,428
1763877612.824,kreo1,DETECTED,orange,756,576,32,36,846
1763877612.837,kreo2,DETECTED,orange,574,354,22,24,388
1763877612.856,kreo1,DETECTED,orange,756,576,32,36,846
1763877612.869,kreo2,DETECTED,orange,572,354,26,24,444
1763877612.872,kreo1,DETECTED,orange,756,576,32,36,854
1763877612.885,kreo2,DETECTED,orange,576,354,22,24,390
1763877612.892,kreo1,DETECTED,orange,756,578,32,34,794
1763877612.905,kreo2,DETECTED,orange,574,354,24,24,414
1763877612.924,kreo1,DETECTED,orange,756,578,32,34,828
1763877612.937,kreo2,DETECTED,orange,576,354,20,24,370
1763877612.956,kreo1,DETECTED,orange,756,576,32,36,864
1763877612.969,kreo2,DETECTED,orange,574,354,22,24,400
1763877612.972,kreo1,DETECTED,orange,756,578,32,34,816
1763877612.985,kreo2,DETECTED,orange,576,354,22,24,378
1763877612.993,kreo1,DETECTED,orange,756,578,32,34,776
1763877613.005,kreo2,DETECTED,orange,572,354,24,24,414
1763877613.024,kreo1,DETECTED,orange,756,578,32,34,824
1763877613.024,kreo1,DETECTED,orange,690,64,14,12,118
1763877613.037,kreo2,DETECTED,orange,574,354,24,24,404
1763877613.056,kreo1,DETECTED,orange,756,578,32,34,834
1763877613.069,kreo2,DETECTED,orange,574,354,22,24,396
1763877613.072,kreo1,DETECTED,orange,756,576,32,36,840
1763877613.085,kreo2,DETECTED,orange,574,354,22,24,392
1763877613.092,kreo1,DETECTED,orange,756,578,32,34,788
1763877613.105,kreo2,DETECTED,orange,576,354,22,24,392
1763877613.123,kreo1,DETECTED,orange,756,578,32,34,840
1763877613.137,kreo2,DETECTED,orange,576,354,20,24,372
1763877613.156,kreo1,DETECTED,orange,756,576,32,36,866
1763877613.169,kreo2,DETECTED,orange,574,354,24,24,424
1763877613.172,kreo1,DETECTED,orange,756,576,32,36,842
1763877613.185,kreo2,DETECTED,orange,576,354,22,24,382
1763877613.192,kreo1,DETECTED,orange,756,578,32,34,792
1763877613.205,kreo2,DETECTED,orange,574,354,22,24,390
1763877613.224,kreo1,DETECTED,orange,756,578,32,34,842
1763877613.237,kreo2,DETECTED,orange,576,354,22,24,388
1763877613.256,kreo1,DETECTED,orange,756,576,32,36,862
1763877613.269,kreo2,DETECTED,orange,572,354,24,26,426
1763877613.272,kreo1,DETECTED,orange,756,576,32,36,860
1763877613.285,kreo2,DETECTED,orange,572,354,24,24,406
1763877613.293,kreo1,DETECTED,orange,756,578,32,34,794
1763877613.305,kreo2,DETECTED,orange,576,354,22,24,396
1763877613.324,kreo1,DETECTED,orange,756,578,32,34,832
1763877613.337,kreo2,DETECTED,orange,574,354,24,24,414
1763877613.356,kreo1,DETECTED,orange,756,576,32,34,818
1763877613.369,kreo2,DETECTED,orange,572,354,26,24,448
1763877613.372,kreo1,DETECTED,orange,756,576,32,36,838
1763877613.385,kreo2,DETECTED,orange,572,354,24,24,412
1763877613.392,kreo1,DETECTED,orange,756,578,32,34,810
1763877613.405,kreo2,DETECTED,orange,576,354,20,24,364
1763877613.424,kreo1,DETECTED,orange,756,578,32,34,830
1763877613.437,kreo2,DETECTED,orange,574,354,24,24,412
1763877613.456,kreo1,DETECTED,orange,756,576,32,36,850
1763877613.469,kreo2,DETECTED,orange,572,354,24,24,426
1763877613.472,kreo1,DETECTED,orange,756,578,32,34,808
1763877613.485,kreo2,DETECTED,orange,576,354,22,24,378
1763877613.492,kreo1,DETECTED,orange,756,578,32,34,798
1763877613.505,kreo2,DETECTED,orange,572,354,24,24,410
1763877613.524,kreo1,DETECTED,orange,756,576,32,36,832
1763877613.537,kreo2,DETECTED,orange,574,354,24,24,402
1763877613.556,kreo1,DETECTED,orange,756,578,32,34,842
1763877613.569,kreo2,DETECTED,orange,572,354,24,24,442
1763877613.572,kreo1,DETECTED,orange,756,578,32,34,832
1763877613.585,kreo2,DETECTED,orange,576,354,22,26,406
1763877613.592,kreo1,DETECTED,orange,756,576,32,36,818
1763877613.605,kreo2,DETECTED,orange,572,354,26,24,432
1763877613.624,kreo1,DETECTED,orange,756,576,32,36,846
1763877613.637,kreo2,DETECTED,orange,576,354,22,24,386
1763877613.656,kreo1,DETECTED,orange,756,576,32,36,858
1763877613.669,kreo2,DETECTED,orange,572,354,26,24,450
1763877613.672,kreo1,DETECTED,orange,756,578,32,34,820
1763877613.685,kreo2,DETECTED,orange,574,354,22,24,398
1763877613.692,kreo1,DETECTED,orange,756,578,32,34,818
1763877613.705,kreo2,DETECTED,orange,572,354,26,24,428
1763877613.724,kreo1,DETECTED,orange,756,578,32,34,806
1763877613.737,kreo2,DETECTED,orange,572,354,26,24,420
1763877613.756,kreo1,DETECTED,orange,756,578,32,34,830
1763877613.769,kreo2,DETECTED,orange,572,354,26,24,444
1763877613.772,kreo1,DETECTED,orange,756,578,32,34,822
1763877613.785,kreo2,DETECTED,orange,576,354,20,24,356
1763877613.792,kreo1,DETECTED,orange,756,578,32,34,780
1763877613.792,kreo1,DETECTED,orange,690,64,12,12,100
1763877613.805,kreo2,DETECTED,orange,576,354,22,24,390
1763877613.824,kreo1,DETECTED,orange,756,578,32,34,818
1763877613.837,kreo2,DETECTED,orange,572,354,26,24,424
1763877613.856,kreo1,DETECTED,orange,756,576,32,36,872
1763877613.869,kreo2,DETECTED,orange,572,354,24,24,434
1763877613.872,kreo1,DETECTED,orange,756,576,32,36,850
1763877613.885,kreo2,DETECTED,orange,572,354,24,24,404
1763877613.892,kreo1,DETECTED,orange,756,578,32,34,766
1763877613.905,kreo2,DETECTED,orange,574,354,22,24,392
1763877613.924,kreo1,DETECTED,orange,756,578,32,34,814
1763877613.937,kreo2,DETECTED,orange,576,354,22,24,398
1763877613.956,kreo1,DETECTED,orange,756,576,32,36,872
1763877613.969,kreo2,DETECTED,orange,572,354,26,24,438
1763877613.972,kreo1,DETECTED,orange,756,576,32,36,838
1763877613.972,kreo1,DETECTED,orange,690,64,14,12,112
1763877613.985,kreo2,DETECTED,orange,572,354,26,24,434
1763877613.992,kreo1,DETECTED,orange,756,578,32,34,768
1763877614.005,kreo2,DETECTED,orange,574,354,22,24,396
1763877614.024,kreo1,DETECTED,orange,756,578,32,34,800
1763877614.037,kreo2,DETECTED,orange,578,354,20,24,352
1763877614.056,kreo1,DETECTED,orange,756,576,32,36,866
1763877614.069,kreo2,DETECTED,orange,574,354,24,24,418
1763877614.072,kreo1,DETECTED,orange,756,578,32,34,824
1763877614.085,kreo2,DETECTED,orange,574,354,22,24,394
1763877614.092,kreo1,DETECTED,orange,756,578,32,34,800
1763877614.105,kreo2,DETECTED,orange,574,354,22,24,392
1763877614.124,kreo1,DETECTED,orange,756,578,32,34,832
1763877614.137,kreo2,DETECTED,orange,574,354,24,24,396
1763877614.156,kreo1,DETECTED,orange,756,578,32,34,822
1763877614.169,kreo2,DETECTED,orange,574,354,22,24,416
1763877614.172,kreo1,DETECTED,orange,756,578,32,34,824
1763877614.185,kreo2,DETECTED,orange,574,354,24,24,418
1763877614.193,kreo1,DETECTED,orange,756,578,32,34,796
1763877614.205,kreo2,DETECTED,orange,572,354,26,24,438
1763877614.224,kreo1,DETECTED,orange,756,578,32,34,806
1763877614.237,kreo2,DETECTED,orange,576,354,22,24,390
1763877614.256,kreo1,DETECTED,orange,756,576,32,36,862
1763877614.269,kreo2,DETECTED,orange,572,354,26,24,440
1763877614.273,kreo1,DETECTED,orange,756,576,32,36,848
1763877614.285,kreo2,DETECTED,orange,576,354,20,24,362
1763877614.292,kreo1,DETECTED,orange,756,578,32,34,798
1763877614.305,kreo2,DETECTED,orange,574,354,24,24,410
1763877614.324,kreo1,DETECTED,orange,756,578,32,34,812
1763877614.337,kreo2,DETECTED,orange,572,354,26,24,428
1763877614.356,kreo1,DETECTED,orange,756,578,32,34,830
1763877614.369,kreo2,DETECTED,orange,572,354,26,24,442
1763877614.372,kreo1,DETECTED,orange,756,578,32,34,806
1763877614.385,kreo2,DETECTED,orange,572,354,24,24,420
1763877614.392,kreo1,DETECTED,orange,756,578,32,34,812
1763877614.405,kreo2,DETECTED,orange,574,354,24,24,424
1763877614.424,kreo1,DETECTED,orange,756,578,32,32,794
1763877614.437,kreo2,DETECTED,orange,572,354,24,24,404
1763877614.456,kreo1,DETECTED,orange,756,578,32,34,826
1763877614.469,kreo2,DETECTED,orange,576,354,20,24,378
1763877614.472,kreo1,DETECTED,orange,756,578,32,34,808
1763877614.485,kreo2,DETECTED,orange,572,354,26,24,430
1763877614.492,kreo1,DETECTED,orange,756,578,32,34,790
1763877614.505,kreo2,DETECTED,orange,574,354,24,24,410
1763877614.524,kreo1,DETECTED,orange,756,578,32,34,800
1763877614.537,kreo2,DETECTED,orange,576,354,22,24,384
1763877614.556,kreo1,DETECTED,orange,756,576,32,36,860
1763877614.569,kreo2,DETECTED,orange,572,354,26,24,424
1763877614.572,kreo1,DETECTED,orange,756,578,32,34,818
1763877614.585,kreo2,DETECTED,orange,572,354,26,24,426
1763877614.592,kreo1,DETECTED,orange,756,578,32,34,804
1763877614.605,kreo2,DETECTED,orange,574,354,24,24,418
1763877614.624,kreo1,DETECTED,orange,756,576,32,36,836
1763877614.637,kreo2,DETECTED,orange,572,354,26,24,424
1763877614.656,kreo1,DETECTED,orange,756,578,32,34,840
1763877614.669,kreo2,DETECTED,orange,572,354,26,24,444
1763877614.672,kreo1,DETECTED,orange,756,576,32,36,840
1763877614.685,kreo2,DETECTED,orange,572,354,24,24,408
1763877614.692,kreo1,DETECTED,orange,756,578,32,34,822
1763877614.705,kreo2,DETECTED,orange,574,354,24,24,432
1763877614.724,kreo1,DETECTED,orange,756,578,32,34,810
1763877614.737,kreo2,DETECTED,orange,572,354,24,24,406
1763877614.756,kreo1,DETECTED,orange,756,576,32,36,852
1763877614.769,kreo2,DETECTED,orange,572,354,26,26,458
1763877614.772,kreo1,DETECTED,orange,756,576,32,36,828
1763877614.785,kreo2,DETECTED,orange,574,354,22,24,388
1763877614.792,kreo1,DETECTED,orange,756,578,32,34,784
1763877614.805,kreo2,DETECTED,orange,572,354,24,24,412
1763877614.824,kreo1,DETECTED,orange,756,578,32,34,780
1763877614.837,kreo2,DETECTED,orange,574,354,24,24,410
1763877614.856,kreo1,DETECTED,orange,756,576,32,36,868
1763877614.869,kreo2,DETECTED,orange,572,354,24,24,410
1763877614.872,kreo1,DETECTED,orange,756,578,32,34,810
1763877614.885,kreo2,DETECTED,orange,572,354,24,24,398
1763877614.892,kreo1,DETECTED,orange,756,578,32,34,796
1763877614.905,kreo2,DETECTED,orange,574,354,22,24,400
1763877614.924,kreo1,DETECTED,orange,756,578,32,34,810
1763877614.937,kreo2,DETECTED,orange,572,354,26,24,430
1763877614.956,kreo1,DETECTED,orange,756,576,32,36,868
1763877614.969,kreo2,DETECTED,orange,576,354,22,24,402
1763877614.972,kreo1,DETECTED,orange,756,578,32,34,794
1763877614.985,kreo2,DETECTED,orange,574,354,24,24,400
1763877614.992,kreo1,DETECTED,orange,756,578,32,34,790
1763877615.005,kreo2,DETECTED,orange,576,354,22,24,380
1763877615.023,kreo1,DETECTED,orange,756,578,32,34,814
1763877615.037,kreo2,DETECTED,orange,572,354,26,24,444
1763877615.056,kreo1,DETECTED,orange,756,576,32,34,852
1763877615.069,kreo2,DETECTED,orange,572,354,26,24,440
1763877615.072,kreo1,DETECTED,orange,756,578,32,34,794
1763877615.085,kreo2,DETECTED,orange,574,354,22,24,390
1763877615.093,kreo1,DETECTED,orange,756,578,32,34,784
1763877615.105,kreo2,DETECTED,orange,576,354,22,24,400
1763877615.124,kreo1,DETECTED,orange,756,578,32,34,782
1763877615.138,kreo2,DETECTED,orange,578,354,18,24,322
1763877615.158,kreo1,DETECTED,orange,756,576,32,36,862
1763877615.173,kreo2,DETECTED,orange,572,354,26,24,430
1763877615.174,kreo1,DETECTED,orange,756,580,32,32,760
1763877615.206,kreo2,DETECTED,orange,576,354,22,26,410
1763877615.209,kreo1,DETECTED,orange,756,576,32,36,862
1763877615.237,kreo2,DETECTED,orange,572,354,26,24,432
1763877615.240,kreo1,DETECTED,orange,756,578,32,34,772
1763877615.269,kreo2,DETECTED,orange,572,354,26,24,438
1763877615.272,kreo1,DETECTED,orange,756,578,32,34,818
1763877615.285,kreo2,DETECTED,orange,576,354,22,24,410
1763877615.292,kreo1,DETECTED,orange,756,578,32,34,796
1763877615.305,kreo2,DETECTED,orange,576,354,22,24,398
1763877615.324,kreo1,DETECTED,orange,756,580,32,32,750
1763877615.337,kreo2,DETECTED,orange,578,354,20,24,374
1763877615.356,kreo1,DETECTED,orange,756,576,32,36,850
1763877615.369,kreo2,DETECTED,orange,572,354,24,24,430
1763877615.372,kreo1,DETECTED,orange,756,578,32,34,798
1763877615.385,kreo2,DETECTED,orange,572,354,26,24,418
1763877615.392,kreo1,DETECTED,orange,756,578,32,34,822
1763877615.405,kreo2,DETECTED,orange,572,354,26,24,430
1763877615.424,kreo1,DETECTED,orange,756,578,32,34,810
1763877615.437,kreo2,DETECTED,orange,578,354,18,24,344
1763877615.456,kreo1,DETECTED,orange,756,578,32,34,840
1763877615.469,kreo2,DETECTED,orange,572,354,26,24,444
1763877615.472,kreo1,DETECTED,orange,756,578,32,34,808
1763877615.485,kreo2,DETECTED,orange,576,354,20,24,366
1763877615.492,kreo1,DETECTED,orange,756,580,32,32,758
1763877615.505,kreo2,DETECTED,orange,572,354,26,24,442
1763877615.524,kreo1,DETECTED,orange,756,576,32,36,790
1763877615.537,kreo2,DETECTED,orange,574,354,24,24,410
1763877615.556,kreo1,DETECTED,orange,756,576,32,36,858
1763877615.569,kreo2,DETECTED,orange,574,354,22,24,382
1763877615.572,kreo1,DETECTED,orange,756,578,32,34,780
1763877615.585,kreo2,DETECTED,orange,576,354,20,24,374
1763877615.592,kreo1,DETECTED,orange,756,578,32,34,812
1763877615.605,kreo2,DETECTED,orange,576,354,22,24,402
1763877615.624,kreo1,DETECTED,orange,756,578,32,34,810
1763877615.637,kreo2,DETECTED,orange,572,354,24,24,420
1763877615.656,kreo1,DETECTED,orange,756,576,32,36,862
1763877615.669,kreo2,DETECTED,orange,572,354,26,24,450
1763877615.672,kreo1,DETECTED,orange,756,580,32,32,758
1763877615.685,kreo2,DETECTED,orange,576,354,20,24,366
1763877615.692,kreo1,DETECTED,orange,756,578,32,34,782
1763877615.705,kreo2,DETECTED,orange,572,354,26,24,442
1763877615.724,kreo1,DETECTED,orange,756,578,32,34,786
1763877615.737,kreo2,DETECTED,orange,574,354,24,24,414
1763877615.756,kreo1,DETECTED,orange,756,578,32,34,834
1763877615.769,kreo2,DETECTED,orange,572,354,24,24,428
1763877615.773,kreo1,DETECTED,orange,756,580,32,32,758
1763877615.785,kreo2,DETECTED,orange,572,354,26,24,424
1763877615.792,kreo1,DETECTED,orange,756,578,32,34,792
1763877615.805,kreo2,DETECTED,orange,574,354,22,24,404
1763877615.824,kreo1,DETECTED,orange,756,578,32,34,812
1763877615.824,kreo1,DETECTED,orange,690,64,14,12,116
1763877615.837,kreo2,DETECTED,orange,572,354,24,24,402
1763877615.856,kreo1,DETECTED,orange,756,576,32,36,854
1763877615.869,kreo2,DETECTED,orange,574,352,24,26,446
1763877615.872,kreo1,DETECTED,orange,756,578,32,34,772
1763877615.885,kreo2,DETECTED,orange,576,354,22,24,388
1763877615.892,kreo1,DETECTED,orange,756,578,32,34,804
1763877615.905,kreo2,DETECTED,orange,576,354,20,24,378
1763877615.924,kreo1,DETECTED,orange,756,578,32,34,800
1763877615.937,kreo2,DETECTED,orange,576,354,22,24,396
1763877615.956,kreo1,DETECTED,orange,756,578,32,34,828
1763877615.969,kreo2,DETECTED,orange,572,352,26,26,452
1763877615.972,kreo1,DETECTED,orange,756,578,32,34,776
1763877615.985,kreo2,DETECTED,orange,576,354,20,24,364
1763877615.992,kreo1,DETECTED,orange,756,578,32,34,804
1763877616.005,kreo2,DETECTED,orange,576,352,22,26,424
1763877616.024,kreo1,DETECTED,orange,756,578,32,34,778
1763877616.024,kreo1,DETECTED,orange,690,64,12,12,100
1763877616.037,kreo2,DETECTED,orange,576,354,22,24,392
1763877616.056,kreo1,DETECTED,orange,756,576,32,36,870
1763877616.069,kreo2,DETECTED,orange,574,354,24,24,426
1763877616.072,kreo1,DETECTED,orange,756,576,32,36,844
1763877616.085,kreo2,DETECTED,orange,578,354,18,24,324
1763877616.092,kreo1,DETECTED,orange,756,578,32,34,798
1763877616.105,kreo2,DETECTED,orange,576,354,22,24,396
1763877616.124,kreo1,DETECTED,orange,756,578,32,34,808
1763877616.137,kreo2,DETECTED,orange,574,354,22,24,384
1763877616.155,kreo1,DETECTED,orange,756,578,32,34,842
1763877616.169,kreo2,DETECTED,orange,574,352,22,26,416
1763877616.172,kreo1,DETECTED,orange,756,578,32,34,798
1763877616.185,kreo2,DETECTED,orange,572,354,26,24,436
1763877616.192,kreo1,DETECTED,orange,756,578,32,34,806
1763877616.205,kreo2,DETECTED,orange,572,354,24,24,414
1763877616.224,kreo1,DETECTED,orange,756,578,32,34,792
1763877616.237,kreo2,DETECTED,orange,576,354,22,24,388
1763877616.256,kreo1,DETECTED,orange,756,576,32,36,888
1763877616.269,kreo2,DETECTED,orange,576,354,20,24,374
1763877616.272,kreo1,DETECTED,orange,756,580,32,32,772
1763877616.285,kreo2,DETECTED,orange,574,354,24,24,410
1763877616.292,kreo1,DETECTED,orange,756,578,32,34,788
1763877616.305,kreo2,DETECTED,orange,572,354,26,24,436
1763877616.324,kreo1,DETECTED,orange,756,578,32,34,780
1763877616.337,kreo2,DETECTED,orange,578,354,18,24,326
1763877616.356,kreo1,DETECTED,orange,756,578,32,34,838
1763877616.369,kreo2,DETECTED,orange,572,354,26,24,444
1763877616.372,kreo1,DETECTED,orange,756,578,32,34,768
1763877616.385,kreo2,DETECTED,orange,574,354,22,24,390
1763877616.392,kreo1,DETECTED,orange,756,578,32,34,804
1763877616.405,kreo2,DETECTED,orange,572,354,26,24,424
1763877616.424,kreo1,DETECTED,orange,756,578,32,34,820
1763877616.437,kreo2,DETECTED,orange,572,354,26,24,430
1763877616.456,kreo1,DETECTED,orange,756,576,32,36,846
1763877616.469,kreo2,DETECTED,orange,574,354,24,24,414
1763877616.472,kreo1,DETECTED,orange,756,578,32,34,798
1763877616.485,kreo2,DETECTED,orange,574,354,24,24,418
1763877616.492,kreo1,DETECTED,orange,756,578,32,34,808
1763877616.505,kreo2,DETECTED,orange,572,354,24,24,412
1763877616.524,kreo1,DETECTED,orange,756,578,32,34,792
1763877616.524,kreo1,DETECTED,orange,690,62,14,12,116
1763877616.537,kreo2,DETECTED,orange,572,354,26,24,426
1763877616.556,kreo1,DETECTED,orange,756,578,32,34,844
1763877616.569,kreo2,DETECTED,orange,572,354,24,24,408
1763877616.572,kreo1,DETECTED,orange,756,578,32,34,808
1763877616.586,kreo2,DETECTED,orange,576,354,22,24,384
1763877616.592,kreo1,DETECTED,orange,756,578,32,34,808
1763877616.605,kreo2,DETECTED,orange,572,354,26,24,446
1763877616.624,kreo1,DETECTED,orange,756,578,32,34,806
1763877616.637,kreo2,DETECTED,orange,572,354,24,24,390
1763877616.656,kreo1,DETECTED,orange,756,578,32,34,848
1763877616.669,kreo2,DETECTED,orange,574,354,24,24,410
1763877616.672,kreo1,DETECTED,orange,756,578,32,34,804
1763877616.685,kreo2,DETECTED,orange,572,354,24,24,396
1763877616.692,kreo1,DETECTED,orange,756,578,32,34,806
1763877616.705,kreo2,DETECTED,orange,576,354,22,24,394
1763877616.724,kreo1,DETECTED,orange,756,578,32,34,786
1763877616.737,kreo2,DETECTED,orange,576,354,20,24,360
1763877616.756,kreo1,DETECTED,orange,756,576,32,36,850
1763877616.769,kreo2,DETECTED,orange,576,354,22,24,406
1763877616.772,kreo1,DETECTED,orange,756,578,32,34,796
1763877616.785,kreo2,DETECTED,orange,576,354,22,24,380
1763877616.792,kreo1,DETECTED,orange,756,578,32,34,826
1763877616.805,kreo2,DETECTED,orange,572,354,26,24,464
1763877616.824,kreo1,DETECTED,orange,756,578,32,34,804
1763877616.837,kreo2,DETECTED,orange,576,354,22,24,380
1763877616.856,kreo1,DETECTED,orange,756,576,32,36,842
1763877616.869,kreo2,DETECTED,orange,574,354,22,24,400
1763877616.872,kreo1,DETECTED,orange,756,578,32,32,788
1763877616.885,kreo2,DETECTED,orange,572,354,24,24,398
1763877616.892,kreo1,DETECTED,orange,756,578,32,34,820
1763877616.905,kreo2,DETECTED,orange,572,354,26,24,450
1763877616.924,kreo1,DETECTED,orange,756,578,32,34,790
1763877616.937,kreo2,DETECTED,orange,572,354,24,24,382
1763877616.956,kreo1,DETECTED,orange,756,576,32,36,866
1763877616.969,kreo2,DETECTED,orange,576,354,20,24,372
1763877616.972,kreo1,DETECTED,orange,756,578,32,34,802
1763877616.985,kreo2,DETECTED,orange,576,354,22,24,388
1763877616.992,kreo1,DETECTED,orange,756,578,32,34,814
1763877617.005,kreo2,DETECTED,orange,574,354,24,24,436
1763877617.024,kreo1,DETECTED,orange,756,578,32,34,804
1763877617.037,kreo2,DETECTED,orange,578,354,18,24,344
1763877617.056,kreo1,DETECTED,orange,756,576,32,36,862
1763877617.070,kreo2,DETECTED,orange,572,354,24,24,410
1763877617.072,kreo1,DETECTED,orange,756,578,32,34,792
1763877617.086,kreo2,DETECTED,orange,576,354,22,24,386
1763877617.092,kreo1,DETECTED,orange,756,578,32,34,814
1763877617.105,kreo2,DETECTED,orange,572,354,24,24,414
1763877617.124,kreo1,DETECTED,orange,756,578,32,34,792
1763877617.137,kreo2,DETECTED,orange,572,354,26,24,442
1763877617.156,kreo1,DETECTED,orange,756,576,32,36,854
1763877617.169,kreo2,DETECTED,orange,572,354,26,24,436
1763877617.172,kreo1,DETECTED,orange,756,578,32,34,772
1763877617.185,kreo2,DETECTED,orange,572,354,26,24,448
1763877617.192,kreo1,DETECTED,orange,756,578,32,34,806
1763877617.192,kreo1,DETECTED,orange,690,64,12,12,100
1763877617.205,kreo2,DETECTED,orange,572,354,24,24,414
1763877617.224,kreo1,DETECTED,orange,756,578,32,34,808
1763877617.237,kreo2,DETECTED,orange,574,354,22,24,386
1763877617.256,kreo1,DETECTED,orange,756,576,32,36,856
1763877617.269,kreo2,DETECTED,orange,576,354,22,24,402
1763877617.272,kreo1,DETECTED,orange,756,578,32,34,802
1763877617.286,kreo2,DETECTED,orange,572,354,24,24,418
1763877617.292,kreo1,DETECTED,orange,756,578,32,34,794
1763877617.305,kreo2,DETECTED,orange,572,352,24,26,432
1763877617.324,kreo1,DETECTED,orange,756,578,32,34,810
1763877617.337,kreo2,DETECTED,orange,576,354,20,24,364
1763877617.356,kreo1,DETECTED,orange,756,576,32,36,844
1763877617.369,kreo2,DETECTED,orange,574,354,24,24,428
1763877617.372,kreo1,DETECTED,orange,756,578,32,34,790
1763877617.385,kreo2,DETECTED,orange,572,354,26,24,424
1763877617.393,kreo1,DETECTED,orange,756,578,32,34,818
1763877617.405,kreo2,DETECTED,orange,572,352,26,26,466
1763877617.424,kreo1,DETECTED,orange,756,578,32,34,832
1763877617.437,kreo2,DETECTED,orange,576,354,20,24,368
1763877617.456,kreo1,DETECTED,orange,756,576,32,36,852
1763877617.456,kreo1,DETECTED,orange,120,0,12,14,118
1763877617.469,kreo2,DETECTED,orange,572,354,24,24,414
1763877617.472,kreo1,DETECTED,orange,756,578,32,34,800
1763877617.472,kreo1,DETECTED,orange,120,0,14,14,132
1763877617.485,kreo2,DETECTED,orange,572,354,26,24,418
1763877617.492,kreo1,DETECTED,orange,756,578,32,34,798
1763877617.492,kreo1,DETECTED,orange,122,0,14,12,112
1763877617.505,kreo2,DETECTED,orange,572,354,24,24,404
1763877617.524,kreo1,DETECTED,orange,756,578,32,34,816
1763877617.524,kreo1,DETECTED,orange,118,0,14,12,104
1763877617.537,kreo2,DETECTED,orange,572,354,24,24,414
1763877617.556,kreo1,DETECTED,orange,756,578,32,32,808
1763877617.556,kreo1,DETECTED,orange,120,0,18,12,144
1763877617.569,kreo2,DETECTED,orange,574,354,22,24,400
1763877617.572,kreo1,DETECTED,orange,756,578,32,34,816
1763877617.572,kreo1,DETECTED,orange,118,0,16,10,100
1763877617.585,kreo2,DETECTED,orange,576,354,22,24,380
1763877617.592,kreo1,DETECTED,orange,756,576,32,36,832
1763877617.605,kreo2,DETECTED,orange,574,354,22,24,398
1763877617.624,kreo1,DETECTED,orange,756,580,32,32,778
1763877617.624,kreo1,DETECTED,orange,116,0,18,14,158
1763877617.637,kreo2,DETECTED,orange,574,354,22,24,388
1763877617.656,kreo1,DETECTED,orange,756,578,32,34,848
1763877617.656,kreo1,DETECTED,orange,116,0,16,12,120
1763877617.669,kreo2,DETECTED,orange,572,354,26,24,436
1763877617.672,kreo1,DETECTED,orange,756,578,32,34,802
1763877617.672,kreo1,DETECTED,orange,690,64,12,12,100
1763877617.686,kreo2,DETECTED,orange,576,354,20,24,372
1763877617.692,kreo1,DETECTED,orange,756,578,32,34,824
1763877617.692,kreo1,DETECTED,orange,114,0,16,14,152
1763877617.705,kreo2,DETECTED,orange,572,354,26,24,442
1763877617.724,kreo1,DETECTED,orange,756,578,32,34,784
1763877617.724,kreo1,DETECTED,orange,114,0,12,14,112
1763877617.738,kreo2,DETECTED,orange,576,354,20,24,372
1763877617.757,kreo1,DETECTED,orange,756,578,32,34,844
1763877617.770,kreo2,DETECTED,orange,574,354,24,24,410
1763877617.773,kreo1,DETECTED,orange,756,578,32,34,786
1763877617.773,kreo1,DETECTED,orange,110,0,12,14,118
1763877617.786,kreo2,DETECTED,orange,578,354,20,24,316
1763877617.795,kreo1,DETECTED,orange,756,576,32,36,840
1763877617.806,kreo2,DETECTED,orange,574,352,22,26,420
1763877617.824,kreo1,DETECTED,orange,756,578,32,34,812
1763877617.837,kreo2,DETECTED,orange,576,354,22,24,392
1763877617.856,kreo1,DETECTED,orange,756,576,32,36,854
1763877617.869,kreo2,DETECTED,orange,574,354,22,24,394
1763877617.872,kreo1,DETECTED,orange,756,578,32,34,806
1763877617.885,kreo2,DETECTED,orange,576,354,22,24,398
1763877617.892,kreo1,DETECTED,orange,756,576,32,36,846
1763877617.905,kreo2,DETECTED,orange,572,354,26,26,474
1763877617.924,kreo1,DETECTED,orange,756,580,32,32,716
1763877617.937,kreo2,DETECTED,orange,578,354,18,24,344
1763877617.956,kreo1,DETECTED,orange,756,578,32,34,842
1763877617.969,kreo2,DETECTED,orange,576,354,20,24,378
1763877617.972,kreo1,DETECTED,orange,756,578,32,34,794
1763877617.985,kreo2,DETECTED,orange,576,354,22,24,394
1763877617.992,kreo1,DETECTED,orange,756,576,32,36,854
1763877618.005,kreo2,DETECTED,orange,572,354,26,24,446
1763877618.024,kreo1,DETECTED,orange,756,578,32,34,788
1763877618.037,kreo2,DETECTED,orange,578,354,20,26,390
1763877618.056,kreo1,DETECTED,orange,756,576,32,36,856
1763877618.069,kreo2,DETECTED,orange,576,354,22,24,394
1763877618.072,kreo1,DETECTED,orange,756,578,32,34,772
1763877618.085,kreo2,DETECTED,orange,576,354,22,24,378
1763877618.092,kreo1,DETECTED,orange,756,578,32,34,824
1763877618.105,kreo2,DETECTED,orange,572,354,24,24,412
1763877618.124,kreo1,DETECTED,orange,756,578,32,34,814
1763877618.124,kreo1,DETECTED,orange,690,64,14,12,116
1763877618.137,kreo2,DETECTED,orange,574,354,24,24,416
1763877618.156,kreo1,DETECTED,orange,756,576,32,36,852
1763877618.169,kreo2,DETECTED,orange,574,354,24,24,422
1763877618.172,kreo1,DETECTED,orange,756,578,32,34,804
1763877618.185,kreo2,DETECTED,orange,574,354,22,24,386
1763877618.193,kreo1,DETECTED,orange,756,578,32,34,828
1763877618.205,kreo2,DETECTED,orange,572,354,26,26,458
1763877618.224,kreo1,DETECTED,orange,756,580,32,32,778
1763877618.237,kreo2,DETECTED,orange,572,354,24,24,394
1763877618.256,kreo1,DETECTED,orange,756,578,32,34,824
1763877618.269,kreo2,DETECTED,orange,572,354,26,24,438
1763877618.272,kreo1,DETECTED,orange,756,578,32,34,750
1763877618.285,kreo2,DETECTED,orange,576,354,20,22,338
1763877618.292,kreo1,DETECTED,orange,756,576,32,36,840
1763877618.305,kreo2,DETECTED,orange,576,354,22,24,412
1763877618.324,kreo1,DETECTED,orange,756,580,32,32,748
1763877618.337,kreo2,DETECTED,orange,574,354,22,24,396
1763877618.356,kreo1,DETECTED,orange,756,576,32,36,862
1763877618.369,kreo2,DETECTED,orange,572,354,26,24,438
1763877618.372,kreo1,DETECTED,orange,756,580,32,32,738
1763877618.372,kreo1,DETECTED,orange,690,64,12,12,100
1763877618.385,kreo2,DETECTED,orange,572,354,24,24,408
1763877618.392,kreo1,DETECTED,orange,756,578,32,34,850
1763877618.405,kreo2,DETECTED,orange,574,354,24,24,440
1763877618.424,kreo1,DETECTED,orange,756,578,32,34,804
1763877618.437,kreo2,DETECTED,orange,576,354,22,24,392
1763877618.456,kreo1,DETECTED,orange,756,576,32,36,868
1763877618.469,kreo2,DETECTED,orange,576,354,20,24,370
1763877618.472,kreo1,DETECTED,orange,756,578,32,34,792
1763877618.485,kreo2,DETECTED,orange,574,354,24,24,406
1763877618.492,kreo1,DETECTED,orange,756,578,32,34,832
1763877618.492,kreo1,DETECTED,orange,690,64,14,12,112
1763877618.505,kreo2,DETECTED,orange,572,354,24,24,438
1763877618.524,kreo1,DETECTED,orange,756,578,32,32,792
1763877618.537,kreo2,DETECTED,orange,574,354,24,24,416
1763877618.556,kreo1,DETECTED,orange,756,578,32,34,840
1763877618.569,kreo2,DETECTED,orange,574,354,24,24,428
1763877618.572,kreo1,DETECTED,orange,756,578,32,34,798
1763877618.585,kreo2,DETECTED,orange,574,354,22,24,392
1763877618.592,kreo1,DETECTED,orange,756,576,32,36,848
1763877618.606,kreo2,DETECTED,orange,572,354,24,26,446
1763877618.624,kreo1,DETECTED,orange,756,578,32,34,794
1763877618.637,kreo2,DETECTED,orange,574,354,24,24,406
1763877618.656,kreo1,DETECTED,orange,756,578,32,34,822
1763877618.669,kreo2,DETECTED,orange,572,354,24,24,412
1763877618.672,kreo1,DETECTED,orange,756,578,32,34,772
1763877618.686,kreo2,DETECTED,orange,572,354,26,24,416
1763877618.692,kreo1,DETECTED,orange,756,578,32,34,812
1763877618.705,kreo2,DETECTED,orange,572,354,26,24,434
1763877618.724,kreo1,DETECTED,orange,756,578,32,34,768
1763877618.724,kreo1,DETECTED,orange,690,64,14,12,118
1763877618.737,kreo2,DETECTED,orange,576,354,20,24,374
1763877618.756,kreo1,DETECTED,orange,756,576,32,36,868
1763877618.769,kreo2,DETECTED,orange,576,354,22,24,394
1763877618.772,kreo1,DETECTED,orange,756,576,32,36,790
1763877618.786,kreo2,DETECTED,orange,572,354,24,24,410
1763877618.792,kreo1,DETECTED,orange,756,576,32,36,858
1763877618.805,kreo2,DETECTED,orange,572,354,24,24,414
1763877618.824,kreo1,DETECTED,orange,756,578,32,34,794
1763877618.837,kreo2,DETECTED,orange,574,354,24,24,406
1763877618.856,kreo1,DETECTED,orange,756,576,32,36,858
1763877618.869,kreo2,DETECTED,orange,572,354,26,24,432
1763877618.872,kreo1,DETECTED,orange,756,578,32,34,806
1763877618.885,kreo2,DETECTED,orange,574,354,22,22,368
1763877618.892,kreo1,DETECTED,orange,756,576,32,36,846
1763877618.892,kreo1,DETECTED,orange,226,36,12,12,100
1763877618.905,kreo2,DETECTED,orange,572,354,26,24,444
1763877618.924,kreo1,DETECTED,orange,756,576,32,36,812
1763877618.937,kreo2,DETECTED,orange,574,354,24,24,402
1763877618.956,kreo1,DETECTED,orange,756,578,32,32,804
1763877618.969,kreo2,DETECTED,orange,576,354,20,24,378
1763877618.972,kreo1,DETECTED,orange,756,578,32,34,802
1763877618.985,kreo2,DETECTED,orange,576,354,20,24,378
1763877618.992,kreo1,DETECTED,orange,756,576,32,34,834
1763877619.005,kreo2,DETECTED,orange,572,354,26,24,462
1763877619.024,kreo1,DETECTED,orange,756,578,32,34,812
1763877619.037,kreo2,DETECTED,orange,574,354,24,24,382
1763877619.056,kreo1,DETECTED,orange,756,578,32,34,838
1763877619.069,kreo2,DETECTED,orange,574,354,24,24,420
1763877619.072,kreo1,DETECTED,orange,756,578,32,34,784
1763877619.086,kreo2,DETECTED,orange,572,354,24,24,402
1763877619.092,kreo1,DETECTED,orange,756,576,32,36,850
1763877619.105,kreo2,DETECTED,orange,572,354,26,24,448
1763877619.124,kreo1,DETECTED,orange,756,578,32,34,794
1763877619.137,kreo2,DETECTED,orange,574,354,24,24,414
1763877619.156,kreo1,DETECTED,orange,756,576,32,36,840
1763877619.169,kreo2,DETECTED,orange,576,354,22,26,406
1763877619.172,kreo1,DETECTED,orange,756,578,32,34,790
1763877619.185,kreo2,DETECTED,orange,576,354,22,24,396
1763877619.192,kreo1,DETECTED,orange,756,578,32,34,826
1763877619.205,kreo2,DETECTED,orange,574,354,24,24,414
1763877619.224,kreo1,DETECTED,orange,756,580,32,32,730
1763877619.237,kreo2,DETECTED,orange,576,354,22,26,414
1763877619.256,kreo1,DETECTED,orange,756,578,32,34,830
1763877619.269,kreo2,DETECTED,orange,576,354,20,24,354
1763877619.272,kreo1,DETECTED,orange,756,578,32,34,798
1763877619.286,kreo2,DETECTED,orange,572,354,26,24,432
1763877619.292,kreo1,DETECTED,orange,756,578,32,34,820
1763877619.305,kreo2,DETECTED,orange,572,354,24,24,414
1763877619.324,kreo1,DETECTED,orange,756,580,32,32,720
1763877619.337,kreo2,DETECTED,orange,572,354,26,24,428
1763877619.356,kreo1,DETECTED,orange,756,576,32,36,852
1763877619.369,kreo2,DETECTED,orange,576,354,20,24,366
1763877619.372,kreo1,DETECTED,orange,756,578,32,34,784
1763877619.386,kreo2,DETECTED,orange,572,354,26,24,414
1763877619.392,kreo1,DETECTED,orange,756,578,32,34,834
1763877619.405,kreo2,DETECTED,orange,572,354,24,24,440
1763877619.424,kreo1,DETECTED,orange,756,578,32,34,800
1763877619.437,kreo2,DETECTED,orange,576,354,20,24,374
1763877619.456,kreo1,DETECTED,orange,756,578,32,34,816
1763877619.469,kreo2,DETECTED,orange,572,354,24,24,394
1763877619.472,kreo1,DETECTED,orange,756,578,32,34,760
1763877619.472,kreo1,DETECTED,orange,690,64,14,12,114
1763877619.485,kreo2,DETECTED,orange,576,354,20,24,366
1763877619.492,kreo1,DETECTED,orange,756,576,32,36,858
1763877619.505,kreo2,DETECTED,orange,574,354,24,24,440
1763877619.524,kreo1,DETECTED,orange,756,578,32,34,810
1763877619.537,kreo2,DETECTED,orange,572,354,24,24,410
1763877619.556,kreo1,DETECTED,orange,756,578,32,34,830
1763877619.569,kreo2,DETECTED,orange,574,354,24,24,412
1763877619.572,kreo1,DETECTED,orange,756,578,32,34,780
1763877619.585,kreo2,DETECTED,orange,576,354,22,24,392
1763877619.592,kreo1,DETECTED,orange,756,576,32,36,852
1763877619.605,kreo2,DETECTED,orange,572,354,26,24,436
1763877619.624,kreo1,DETECTED,orange,756,578,32,34,826
1763877619.637,kreo2,DETECTED,orange,576,354,22,24,394
1763877619.656,kreo1,DETECTED,orange,756,578,32,34,826
1763877619.669,kreo2,DETECTED,orange,572,354,26,24,436
1763877619.672,kreo1,DETECTED,orange,756,578,32,34,786
1763877619.685,kreo2,DETECTED,orange,576,354,20,24,366
1763877619.692,kreo1,DETECTED,orange,756,576,32,36,850
1763877619.705,kreo2,DETECTED,orange,572,354,24,24,414
1763877619.724,kreo1,DETECTED,orange,756,578,32,34,792
1763877619.737,kreo2,DETECTED,orange,576,354,22,24,406
1763877619.756,kreo1,DETECTED,orange,756,576,32,36,838
1763877619.769,kreo2,DETECTED,orange,572,354,24,24,420
1763877619.772,kreo1,DETECTED,orange,756,578,32,34,808
1763877619.785,kreo2,DETECTED,orange,574,354,24,24,428
1763877619.792,kreo1,DETECTED,orange,756,576,32,36,854
1763877619.805,kreo2,DETECTED,orange,572,354,24,24,410
1763877619.824,kreo1,DETECTED,orange,756,578,32,34,796
1763877619.837,kreo2,DETECTED,orange,572,354,24,24,406
1763877619.856,kreo1,DETECTED,orange,756,578,32,34,826
1763877619.869,kreo2,DETECTED,orange,576,354,22,24,394
1763877619.872,kreo1,DETECTED,orange,756,580,32,32,750
1763877619.885,kreo2,DETECTED,orange,576,354,20,24,370
1763877619.892,kreo1,DETECTED,orange,756,576,32,36,856
1763877619.905,kreo2,DETECTED,orange,572,354,26,24,440
1763877619.924,kreo1,DETECTED,orange,756,578,32,34,806
1763877619.937,kreo2,DETECTED,orange,576,354,22,24,388
1763877619.956,kreo1,DETECTED,orange,756,578,32,34,824
1763877619.969,kreo2,DETECTED,orange,572,354,26,24,438
1763877619.972,kreo1,DETECTED,orange,756,578,32,34,764
1763877619.985,kreo2,DETECTED,orange,576,354,20,24,366
1763877619.992,kreo1,DETECTED,orange,756,576,32,36,850
1763877620.005,kreo2,DETECTED,orange,574,354,24,24,436
1763877620.024,kreo1,DETECTED,orange,756,578,32,34,794
1763877620.037,kreo2,DETECTED,orange,574,354,24,24,418
1763877620.056,kreo1,DETECTED,orange,756,578,32,34,834
1763877620.069,kreo2,DETECTED,orange,576,354,22,24,384
1763877620.072,kreo1,DETECTED,orange,756,578,32,34,806
1763877620.085,kreo2,DETECTED,orange,574,354,24,24,402
1763877620.092,kreo1,DETECTED,orange,756,576,32,36,858
1763877620.105,kreo2,DETECTED,orange,572,354,26,24,448
1763877620.124,kreo1,DETECTED,orange,756,578,32,34,818
1763877620.137,kreo2,DETECTED,orange,576,354,20,24,372
1763877620.156,kreo1,DETECTED,orange,756,576,32,34,838
1763877620.169,kreo2,DETECTED,orange,574,354,22,24,392
1763877620.172,kreo1,DETECTED,orange,756,578,32,34,790
1763877620.172,kreo1,DETECTED,orange,690,64,14,12,118
1763877620.185,kreo2,DETECTED,orange,578,354,20,24,360
1763877620.193,kreo1,DETECTED,orange,756,576,32,36,856
1763877620.205,kreo2,DETECTED,orange,572,354,26,24,456
1763877620.224,kreo1,DETECTED,orange,756,578,32,34,792
1763877620.237,kreo2,DETECTED,orange,576,354,20,26,394
1763877620.256,kreo1,DETECTED,orange,756,576,32,36,850
1763877620.269,kreo2,DETECTED,orange,576,354,20,24,368
1763877620.272,kreo1,DETECTED,orange,756,578,32,34,802
1763877620.285,kreo2,DETECTED,orange,576,354,20,24,366
1763877620.293,kreo1,DETECTED,orange,756,578,32,34,810
1763877620.305,kreo2,DETECTED,orange,572,354,24,24,408
1763877620.324,kreo1,DETECTED,orange,756,578,32,34,804
1763877620.337,kreo2,DETECTED,orange,576,354,22,24,410
1763877620.356,kreo1,DETECTED,orange,756,576,32,36,856
1763877620.369,kreo2,DETECTED,orange,576,354,22,24,394
1763877620.372,kreo1,DETECTED,orange,756,578,32,34,782
1763877620.385,kreo2,DETECTED,orange,572,354,26,24,432
1763877620.392,kreo1,DETECTED,orange,756,576,32,36,862
1763877620.405,kreo2,DETECTED,orange,576,354,22,24,402
1763877620.424,kreo1,DETECTED,orange,756,578,32,34,782
1763877620.437,kreo2,DETECTED,orange,576,354,22,24,402
1763877620.457,kreo1,DETECTED,orange,756,576,32,36,856
1763877620.471,kreo2,DETECTED,orange,572,354,24,24,420
1763877620.473,kreo1,DETECTED,orange,756,576,32,36,808
1763877620.487,kreo2,DETECTED,orange,572,354,26,24,438
1763877620.494,kreo1,DETECTED,orange,756,576,32,36,862
1763877620.494,kreo1,DETECTED,orange,688,64,14,12,116
1763877620.507,kreo2,DETECTED,orange,576,354,20,26,386
1763877620.524,kreo1,DETECTED,orange,756,578,32,34,800
1763877620.539,kreo2,DETECTED,orange,572,354,26,24,420
1763877620.556,kreo1,DETECTED,orange,756,576,32,36,850
1763877620.569,kreo2,DETECTED,orange,576,354,22,24,398
1763877620.572,kreo1,DETECTED,orange,756,578,32,34,800
1763877620.585,kreo2,DETECTED,orange,576,354,20,24,366
1763877620.592,kreo1,DETECTED,orange,756,578,32,34,832
1763877620.605,kreo2,DETECTED,orange,572,354,26,24,456
1763877620.624,kreo1,DETECTED,orange,756,578,32,34,772
1763877620.637,kreo2,DETECTED,orange,574,354,24,24,418
1763877620.656,kreo1,DETECTED,orange,756,578,32,34,822
1763877620.669,kreo2,DETECTED,orange,574,354,24,24,414
1763877620.672,kreo1,DETECTED,orange,756,578,32,34,794
1763877620.685,kreo2,DETECTED,orange,576,354,20,24,370
1763877620.692,kreo1,DETECTED,orange,756,578,32,34,832
1763877620.705,kreo2,DETECTED,orange,572,354,24,24,414
1763877620.724,kreo1,DETECTED,orange,756,578,32,32,786
1763877620.737,kreo2,DETECTED,orange,572,354,24,24,412
1763877620.756,kreo1,DETECTED,orange,756,578,32,34,824
1763877620.769,kreo2,DETECTED,orange,572,354,26,24,420
1763877620.772,kreo1,DETECTED,orange,756,578,32,34,810
1763877620.785,kreo2,DETECTED,orange,578,354,18,24,318
1763877620.792,kreo1,DETECTED,orange,756,576,32,36,864
1763877620.805,kreo2,DETECTED,orange,576,354,22,24,394
1763877620.824,kreo1,DETECTED,orange,756,578,32,34,788
1763877620.837,kreo2,DETECTED,orange,576,354,20,24,360
1763877620.856,kreo1,DETECTED,orange,756,576,32,36,862
1763877620.869,kreo2,DETECTED,orange,572,354,26,24,438
1763877620.872,kreo1,DETECTED,orange,756,578,32,34,826
1763877620.885,kreo2,DETECTED,orange,576,354,22,24,390
1763877620.893,kreo1,DETECTED,orange,756,578,32,34,838
1763877620.905,kreo2,DETECTED,orange,572,354,26,24,430
1763877620.924,kreo1,DETECTED,orange,756,578,32,34,812
1763877620.924,kreo1,DETECTED,orange,690,64,12,12,100
1763877620.937,kreo2,DETECTED,orange,576,354,22,24,398
1763877620.956,kreo1,DETECTED,orange,756,578,32,34,824
1763877620.969,kreo2,DETECTED,orange,576,354,20,24,362
1763877620.972,kreo1,DETECTED,orange,756,578,32,34,810
1763877620.985,kreo2,DETECTED,orange,574,354,22,24,394
1763877620.992,kreo1,DETECTED,orange,756,578,32,34,840
1763877621.006,kreo2,DETECTED,orange,574,354,22,24,404
1763877621.024,kreo1,DETECTED,orange,756,576,32,36,818
1763877621.037,kreo2,DETECTED,orange,576,354,22,24,402
1763877621.056,kreo1,DETECTED,orange,756,576,32,36,850
1763877621.069,kreo2,DETECTED,orange,576,354,20,24,372
1763877621.072,kreo1,DETECTED,orange,756,578,32,34,798
1763877621.085,kreo2,DETECTED,orange,576,354,22,24,392
1763877621.092,kreo1,DETECTED,orange,756,576,32,36,850
1763877621.105,kreo2,DETECTED,orange,572,354,26,24,446
1763877621.124,kreo1,DETECTED,orange,756,578,32,34,818
1763877621.137,kreo2,DETECTED,orange,572,354,26,24,440
1763877621.156,kreo1,DETECTED,orange,756,576,32,36,838
1763877621.169,kreo2,DETECTED,orange,574,354,22,26,402
1763877621.172,kreo1,DETECTED,orange,756,578,32,34,792
1763877621.185,kreo2,DETECTED,orange,572,354,26,24,444
1763877621.192,kreo1,DETECTED,orange,756,576,32,36,850
1763877621.205,kreo2,DETECTED,orange,572,354,24,26,444
1763877621.224,kreo1,DETECTED,orange,756,578,32,34,792
1763877621.237,kreo2,DETECTED,orange,572,354,24,24,428
1763877621.256,kreo1,DETECTED,orange,756,578,32,34,820
1763877621.269,kreo2,DETECTED,orange,572,354,26,24,438
1763877621.272,kreo1,DETECTED,orange,756,578,32,34,782
1763877621.285,kreo2,DETECTED,orange,574,354,24,24,414
1763877621.292,kreo1,DETECTED,orange,756,576,32,36,872
1763877621.305,kreo2,DETECTED,orange,572,354,24,24,416
1763877621.324,kreo1,DETECTED,orange,756,578,32,34,802
1763877621.337,kreo2,DETECTED,orange,574,354,24,24,412
1763877621.356,kreo1,DETECTED,orange,756,578,32,34,820
1763877621.356,kreo1,DETECTED,orange,690,64,14,12,116
1763877621.369,kreo2,DETECTED,orange,576,354,22,24,404
1763877621.372,kreo1,DETECTED,orange,756,578,32,34,788
1763877621.385,kreo2,DETECTED,orange,576,354,22,24,388
1763877621.392,kreo1,DETECTED,orange,756,576,32,36,862
1763877621.405,kreo2,DETECTED,orange,572,354,24,24,416
1763877621.424,kreo1,DETECTED,orange,756,578,32,34,800
1763877621.437,kreo2,DETECTED,orange,576,354,20,24,374
1763877621.456,kreo1,DETECTED,orange,756,578,32,34,818
1763877621.469,kreo2,DETECTED,orange,576,354,22,24,390
1763877621.472,kreo1,DETECTED,orange,756,578,32,34,798
1763877621.485,kreo2,DETECTED,orange,574,354,24,24,424
1763877621.492,kreo1,DETECTED,orange,756,578,32,34,836
1763877621.506,kreo2,DETECTED,orange,572,354,26,26,454
1763877621.524,kreo1,DETECTED,orange,756,578,32,34,816
1763877621.537,kreo2,DETECTED,orange,574,354,24,24,430
1763877621.556,kreo1,DETECTED,orange,756,578,32,34,812
1763877621.569,kreo2,DETECTED,orange,576,354,20,24,372
1763877621.572,kreo1,DETECTED,orange,756,578,32,34,786
1763877621.585,kreo2,DETECTED,orange,574,354,24,24,420
1763877621.592,kreo1,DETECTED,orange,756,576,32,36,850
1763877621.605,kreo2,DETECTED,orange,572,354,24,24,414
1763877621.624,kreo1,DETECTED,orange,756,578,32,34,806
1763877621.637,kreo2,DETECTED,orange,576,354,22,24,398
1763877621.656,kreo1,DETECTED,orange,756,578,32,34,820
1763877621.669,kreo2,DETECTED,orange,572,354,26,24,424
1763877621.672,kreo1,DETECTED,orange,756,578,32,34,812
1763877621.685,kreo2,DETECTED,orange,576,354,22,24,396
1763877621.692,kreo1,DETECTED,orange,756,578,32,34,804
1763877621.705,kreo2,DETECTED,orange,574,354,22,24,382
1763877621.724,kreo1,DETECTED,orange,756,578,32,34,796
1763877621.737,kreo2,DETECTED,orange,572,354,26,24,438
1763877621.756,kreo1,DETECTED,orange,756,576,32,36,846
1763877621.769,kreo2,DETECTED,orange,574,354,22,24,396
1763877621.772,kreo1,DETECTED,orange,756,578,32,34,814
1763877621.785,kreo2,DETECTED,orange,576,354,20,24,378
1763877621.792,kreo1,DETECTED,orange,756,576,32,36,850
1763877621.806,kreo2,DETECTED,orange,572,354,26,24,466
1763877621.824,kreo1,DETECTED,orange,756,578,32,34,784
1763877621.837,kreo2,DETECTED,orange,572,354,24,24,418
1763877621.856,kreo1,DETECTED,orange,756,578,32,34,824
1763877621.869,kreo2,DETECTED,orange,574,354,24,24,406
1763877621.872,kreo1,DETECTED,orange,756,578,32,34,774
1763877621.885,kreo2,DETECTED,orange,572,354,24,24,406
1763877621.892,kreo1,DETECTED,orange,756,578,32,34,820
1763877621.906,kreo2,DETECTED,orange,572,354,24,24,428
1763877621.924,kreo1,DETECTED,orange,756,580,32,32,758
1763877621.937,kreo2,DETECTED,orange,576,354,20,24,372
1763877621.956,kreo1,DETECTED,orange,756,578,32,34,808
1763877621.969,kreo2,DETECTED,orange,572,354,26,24,418
1763877621.972,kreo1,DETECTED,orange,756,578,32,34,814
1763877621.985,kreo2,DETECTED,orange,576,354,20,24,374
1763877621.992,kreo1,DETECTED,orange,756,576,32,36,876
1763877622.005,kreo2,DETECTED,orange,572,354,26,24,458
1763877622.024,kreo1,DETECTED,orange,756,578,32,34,788
1763877622.024,kreo1,DETECTED,orange,690,64,12,12,100
1763877622.038,kreo2,DETECTED,orange,578,354,20,24,362
1763877622.056,kreo1,DETECTED,orange,756,576,32,36,844
1763877622.069,kreo2,DETECTED,orange,572,354,26,24,428
1763877622.072,kreo1,DETECTED,orange,756,578,32,34,806
1763877622.086,kreo2,DETECTED,orange,574,354,24,24,412
1763877622.092,kreo1,DETECTED,orange,756,576,32,36,848
1763877622.105,kreo2,DETECTED,orange,574,354,24,24,436
1763877622.124,kreo1,DETECTED,orange,756,578,32,34,784
1763877622.124,kreo1,DETECTED,orange,690,64,14,12,116
1763877622.137,kreo2,DETECTED,orange,574,354,22,24,384
1763877622.156,kreo1,DETECTED,orange,756,578,32,34,824
1763877622.169,kreo2,DETECTED,orange,572,354,26,24,426
1763877622.172,kreo1,DETECTED,orange,756,578,32,34,790
1763877622.185,kreo2,DETECTED,orange,572,354,26,24,432
1763877622.192,kreo1,DETECTED,orange,756,578,32,34,836
1763877622.206,kreo2,DETECTED,orange,572,354,26,24,458
1763877622.224,kreo1,DETECTED,orange,756,578,32,34,816
1763877622.237,kreo2,DETECTED,orange,574,354,22,24,398
1763877622.256,kreo1,DETECTED,orange,756,578,32,34,832
1763877622.269,kreo2,DETECTED,orange,576,354,20,24,366
1763877622.272,kreo1,DETECTED,orange,756,578,32,34,794
1763877622.272,kreo1,DETECTED,orange,690,64,14,12,112
1763877622.285,kreo2,DETECTED,orange,572,354,26,24,432
1763877622.292,kreo1,DETECTED,orange,756,576,32,36,858
1763877622.305,kreo2,DETECTED,orange,572,354,24,24,420
1763877622.324,kreo1,DETECTED,orange,756,578,32,34,804
1763877622.337,kreo2,DETECTED,orange,576,354,22,24,400
1763877622.356,kreo1,DETECTED,orange,756,578,32,34,800
1763877622.369,kreo2,DETECTED,orange,574,354,22,24,394
1763877622.373,kreo1,DETECTED,orange,756,578,32,34,816
1763877622.385,kreo2,DETECTED,orange,576,354,22,24,388
1763877622.392,kreo1,DETECTED,orange,756,576,32,36,872
1763877622.405,kreo2,DETECTED,orange,574,354,22,26,428
1763877622.424,kreo1,DETECTED,orange,756,578,32,34,774
1763877622.437,kreo2,DETECTED,orange,572,354,24,24,418
1763877622.456,kreo1,DETECTED,orange,756,576,32,36,848
1763877622.469,kreo2,DETECTED,orange,576,354,22,24,390
1763877622.472,kreo1,DETECTED,orange,756,578,32,34,762
1763877622.486,kreo2,DETECTED,orange,574,354,22,24,394
1763877622.492,kreo1,DETECTED,orange,756,578,32,34,816
1763877622.505,kreo2,DETECTED,orange,572,354,26,24,440
1763877622.524,kreo1,DETECTED,orange,756,578,32,34,798
1763877622.537,kreo2,DETECTED,orange,572,354,26,24,436
1763877622.556,kreo1,DETECTED,orange,756,576,32,36,852
1763877622.569,kreo2,DETECTED,orange,572,354,24,24,412
1763877622.572,kreo1,DETECTED,orange,756,578,32,34,794
1763877622.585,kreo2,DETECTED,orange,578,354,20,24,368
1763877622.593,kreo1,DETECTED,orange,756,576,32,36,846
1763877622.605,kreo2,DETECTED,orange,572,354,26,24,456
1763877622.624,kreo1,DETECTED,orange,756,578,32,34,782
1763877622.638,kreo2,DETECTED,orange,572,354,26,24,438
1763877622.656,kreo1,DETECTED,orange,756,578,32,34,818
1763877622.669,kreo2,DETECTED,orange,574,354,24,24,406
1763877622.672,kreo1,DETECTED,orange,756,578,32,34,806
1763877622.685,kreo2,DETECTED,orange,572,354,24,24,400
1763877622.692,kreo1,DETECTED,orange,756,576,32,36,864
1763877622.705,kreo2,DETECTED,orange,572,354,24,24,418
1763877622.724,kreo1,DETECTED,orange,756,578,32,34,798
1763877622.737,kreo2,DETECTED,orange,576,354,22,24,394
1763877622.756,kreo1,DETECTED,orange,756,578,32,34,816
1763877622.769,kreo2,DETECTED,orange,572,354,24,24,412
1763877622.772,kreo1,DETECTED,orange,756,578,32,34,814
1763877622.785,kreo2,DETECTED,orange,576,354,20,24,366
1763877622.792,kreo1,DETECTED,orange,756,576,32,36,858
1763877622.805,kreo2,DETECTED,orange,572,354,24,24,436
1763877622.824,kreo1,DETECTED,orange,756,578,32,34,800
1763877622.837,kreo2,DETECTED,orange,572,354,26,24,436
1763877622.856,kreo1,DETECTED,orange,756,576,32,36,842
1763877622.869,kreo2,DETECTED,orange,574,354,24,24,412
1763877622.872,kreo1,DETECTED,orange,756,578,32,34,780
1763877622.885,kreo2,DETECTED,orange,576,354,22,24,394
1763877622.892,kreo1,DETECTED,orange,756,576,32,36,850
1763877622.905,kreo2,DETECTED,orange,572,354,26,24,452
1763877622.924,kreo1,DETECTED,orange,756,578,32,34,782
1763877622.937,kreo2,DETECTED,orange,574,354,22,24,390
1763877622.956,kreo1,DETECTED,orange,756,576,32,36,832
1763877622.969,kreo2,DETECTED,orange,576,354,20,24,366
1763877622.972,kreo1,DETECTED,orange,756,578,32,34,784
1763877622.985,kreo2,DETECTED,orange,576,352,22,26,406
1763877622.992,kreo1,DETECTED,orange,756,576,32,36,846
1763877623.005,kreo2,DETECTED,orange,574,354,24,24,434
1763877623.024,kreo1,DETECTED,orange,756,578,32,34,822
1763877623.037,kreo2,DETECTED,orange,576,354,22,24,390
1763877623.056,kreo1,DETECTED,orange,756,578,32,34,828
1763877623.069,kreo2,DETECTED,orange,572,354,24,24,404
1763877623.072,kreo1,DETECTED,orange,756,578,32,34,800
1763877623.085,kreo2,DETECTED,orange,574,354,24,24,416
1763877623.092,kreo1,DETECTED,orange,756,576,32,36,874
1763877623.106,kreo2,DETECTED,orange,574,354,22,24,406
1763877623.124,kreo1,DETECTED,orange,756,578,32,34,790
1763877623.138,kreo2,DETECTED,orange,572,354,26,24,434
1763877623.156,kreo1,DETECTED,orange,756,576,32,36,838
1763877623.170,kreo2,DETECTED,orange,572,354,26,24,412
1763877623.173,kreo1,DETECTED,orange,756,578,32,34,792
1763877623.187,kreo2,DETECTED,orange,576,354,20,24,372
1763877623.195,kreo1,DETECTED,orange,756,576,32,36,860
1763877623.207,kreo2,DETECTED,orange,572,354,26,24,444
1763877623.225,kreo1,DETECTED,orange,756,578,32,34,796
1763877623.238,kreo2,DETECTED,orange,572,354,24,24,412
1763877623.256,kreo1,DETECTED,orange,756,578,32,34,830
1763877623.269,kreo2,DETECTED,orange,578,354,18,24,328
1763877623.272,kreo1,DETECTED,orange,756,576,32,36,836
1763877623.285,kreo2,DETECTED,orange,576,354,22,24,386
1763877623.292,kreo1,DETECTED,orange,756,576,32,36,860
1763877623.305,kreo2,DETECTED,orange,572,354,26,24,446
1763877623.324,kreo1,DETECTED,orange,756,578,32,34,774
1763877623.337,kreo2,DETECTED,orange,572,354,26,24,430
1763877623.356,kreo1,DETECTED,orange,756,578,32,34,802
1763877623.369,kreo2,DETECTED,orange,572,354,26,24,450
1763877623.372,kreo1,DETECTED,orange,756,578,32,32,764
1763877623.386,kreo2,DETECTED,orange,576,354,20,24,366
1763877623.392,kreo1,DETECTED,orange,756,578,32,34,836
1763877623.405,kreo2,DETECTED,orange,574,354,24,24,430
1763877623.424,kreo1,DETECTED,orange,756,578,32,34,788
1763877623.437,kreo2,DETECTED,orange,574,354,22,24,388
1763877623.456,kreo1,DETECTED,orange,756,576,32,36,842
1763877623.469,kreo2,DETECTED,orange,576,354,20,24,362
1763877623.472,kreo1,DETECTED,orange,756,578,32,34,806
1763877623.485,kreo2,DETECTED,orange,572,354,26,24,436
1763877623.492,kreo1,DETECTED,orange,756,576,32,34,838
1763877623.505,kreo2,DETECTED,orange,574,354,24,24,424
1763877623.524,kreo1,DETECTED,orange,756,578,32,34,822
1763877623.538,kreo2,DETECTED,orange,576,354,22,24,406
1763877623.556,kreo1,DETECTED,orange,756,576,32,36,830
1763877623.569,kreo2,DETECTED,orange,572,354,24,24,382
1763877623.572,kreo1,DETECTED,orange,756,578,32,34,806
1763877623.585,kreo2,DETECTED,orange,572,354,26,24,414
1763877623.592,kreo1,DETECTED,orange,756,578,32,34,828
1763877623.605,kreo2,DETECTED,orange,572,354,26,24,452
1763877623.624,kreo1,DETECTED,orange,756,578,32,34,808
1763877623.637,kreo2,DETECTED,orange,574,354,22,26,420
1763877623.656,kreo1,DETECTED,orange,756,578,32,34,794
1763877623.669,kreo2,DETECTED,orange,572,354,26,24,428
1763877623.672,kreo1,DETECTED,orange,756,578,32,34,796
1763877623.685,kreo2,DETECTED,orange,576,354,22,24,384
1763877623.692,kreo1,DETECTED,orange,756,576,32,36,852
1763877623.705,kreo2,DETECTED,orange,572,354,26,24,458
1763877623.724,kreo1,DETECTED,orange,756,578,32,34,800
1763877623.737,kreo2,DETECTED,orange,574,354,24,26,428
1763877623.756,kreo1,DETECTED,orange,756,578,32,34,810
1763877623.770,kreo2,DETECTED,orange,572,354,26,24,424
1763877623.773,kreo1,DETECTED,orange,756,578,32,34,788
1763877623.786,kreo2,DETECTED,orange,576,354,22,24,394
1763877623.794,kreo1,DETECTED,orange,756,576,32,36,860
1763877623.806,kreo2,DETECTED,orange,572,354,26,24,460
1763877623.824,kreo1,DETECTED,orange,756,578,32,32,754
1763877623.837,kreo2,DETECTED,orange,572,354,24,24,408
1763877623.856,kreo1,DETECTED,orange,756,576,32,36,842
1763877623.869,kreo2,DETECTED,orange,574,354,22,24,386
1763877623.872,kreo1,DETECTED,orange,756,578,32,34,820
1763877623.885,kreo2,DETECTED,orange,572,354,26,24,440
1763877623.893,kreo1,DETECTED,orange,756,576,32,36,860
1763877623.905,kreo2,DETECTED,orange,572,354,24,24,414
1763877623.924,kreo1,DETECTED,orange,756,578,32,34,824
1763877623.937,kreo2,DETECTED,orange,576,354,22,24,394
1763877623.956,kreo1,DETECTED,orange,756,578,32,34,830
1763877623.970,kreo2,DETECTED,orange,572,354,24,24,414
1763877623.972,kreo1,DETECTED,orange,756,578,32,34,786
1763877623.985,kreo2,DETECTED,orange,576,354,22,24,384
1763877623.992,kreo1,DETECTED,orange,756,578,32,34,838
1763877624.005,kreo2,DETECTED,orange,572,354,26,24,442
1763877624.024,kreo1,DETECTED,orange,756,578,32,34,810
1763877624.037,kreo2,DETECTED,orange,576,354,22,24,404
1763877624.056,kreo1,DETECTED,orange,756,578,32,34,818
1763877624.069,kreo2,DETECTED,orange,574,354,24,24,412
1763877624.072,kreo1,DETECTED,orange,756,578,32,34,754
1763877624.086,kreo2,DETECTED,orange,574,354,24,24,418
1763877624.092,kreo1,DETECTED,orange,756,576,32,36,868
1763877624.105,kreo2,DETECTED,orange,576,354,20,24,378
1763877624.124,kreo1,DETECTED,orange,756,578,32,34,794
1763877624.138,kreo2,DETECTED,orange,574,354,24,24,416
1763877624.156,kreo1,DETECTED,orange,756,578,32,34,806
1763877624.169,kreo2,DETECTED,orange,572,354,26,24,428
1763877624.172,kreo1,DETECTED,orange,756,580,32,32,776
1763877624.185,kreo2,DETECTED,orange,578,354,20,24,372
1763877624.193,kreo1,DETECTED,orange,756,576,32,36,856
1763877624.205,kreo2,DETECTED,orange,572,354,26,24,434
1763877624.224,kreo1,DETECTED,orange,756,578,32,34,794
1763877624.237,kreo2,DETECTED,orange,574,354,22,24,388
1763877624.256,kreo1,DETECTED,orange,756,578,32,34,794
1763877624.269,kreo2,DETECTED,orange,576,354,20,24,364
1763877624.272,kreo1,DETECTED,orange,756,578,32,34,780
1763877624.272,kreo1,DETECTED,orange,690,64,12,12,100
1763877624.286,kreo2,DETECTED,orange,574,354,22,24,404
1763877624.292,kreo1,DETECTED,orange,756,576,32,36,854
1763877624.305,kreo2,DETECTED,orange,572,354,26,24,432
1763877624.324,kreo1,DETECTED,orange,756,578,32,34,796
1763877624.337,kreo2,DETECTED,orange,574,354,24,24,422
1763877624.356,kreo1,DETECTED,orange,756,578,32,34,800
1763877624.369,kreo2,DETECTED,orange,572,354,26,24,440
1763877624.372,kreo1,DETECTED,orange,756,578,32,34,802
1763877624.372,kreo1,DETECTED,orange,690,64,12,12,100
1763877624.385,kreo2,DETECTED,orange,572,354,26,24,428
1763877624.392,kreo1,DETECTED,orange,756,576,32,36,866
1763877624.405,kreo2,DETECTED,orange,572,354,26,24,462
1763877624.424,kreo1,DETECTED,orange,756,578,32,34,804
1763877624.437,kreo2,DETECTED,orange,574,354,24,24,418
1763877624.456,kreo1,DETECTED,orange,756,578,32,34,810
1763877624.469,kreo2,DETECTED,orange,576,354,22,24,378
1763877624.472,kreo1,DETECTED,orange,756,578,32,34,776
1763877624.485,kreo2,DETECTED,orange,574,354,24,24,418
1763877624.492,kreo1,DETECTED,orange,756,576,32,36,856
1763877624.505,kreo2,DETECTED,orange,572,352,26,26,472
1763877624.524,kreo1,DETECTED,orange,756,578,32,34,784
1763877624.537,kreo2,DETECTED,orange,572,354,24,24,416
1763877624.556,kreo1,DETECTED,orange,756,576,32,36,848
1763877624.569,kreo2,DETECTED,orange,572,354,26,24,428
1763877624.572,kreo1,DETECTED,orange,756,578,32,34,780
1763877624.585,kreo2,DETECTED,orange,574,354,22,24,404
1763877624.592,kreo1,DETECTED,orange,756,576,32,36,856
1763877624.605,kreo2,DETECTED,orange,574,354,24,24,432
1763877624.624,kreo1,DETECTED,orange,756,578,32,34,798
1763877624.637,kreo2,DETECTED,orange,572,352,24,26,444
1763877624.656,kreo1,DETECTED,orange,756,578,32,34,800
1763877624.656,kreo1,DETECTED,orange,690,64,14,12,118
1763877624.669,kreo2,DETECTED,orange,576,354,20,24,356
1763877624.672,kreo1,DETECTED,orange,756,578,32,34,788
1763877624.685,kreo2,DETECTED,orange,572,354,26,24,444
1763877624.692,kreo1,DETECTED,orange,756,576,32,36,864
1763877624.705,kreo2,DETECTED,orange,572,354,26,24,458
1763877624.724,kreo1,DETECTED,orange,756,578,32,34,804
1763877624.737,kreo2,DETECTED,orange,576,354,20,24,366
1763877624.756,kreo1,DETECTED,orange,756,578,32,32,790
1763877624.769,kreo2,DETECTED,orange,576,354,20,24,364
1763877624.772,kreo1,DETECTED,orange,756,578,32,34,822
1763877624.785,kreo2,DETECTED,orange,572,354,26,24,438
1763877624.792,kreo1,DETECTED,orange,756,576,32,36,860
1763877624.805,kreo2,DETECTED,orange,572,354,26,24,450
1763877624.824,kreo1,DETECTED,orange,756,576,32,36,814
1763877624.837,kreo2,DETECTED,orange,576,352,20,26,398
1763877624.856,kreo1,DETECTED,orange,756,578,32,34,824
1763877624.869,kreo2,DETECTED,orange,574,354,24,24,402
1763877624.872,kreo1,DETECTED,orange,756,578,32,34,796
1763877624.886,kreo2,DETECTED,orange,574,354,24,24,422
1763877624.892,kreo1,DETECTED,orange,756,576,32,36,864
1763877624.905,kreo2,DETECTED,orange,572,354,26,24,458
1763877624.924,kreo1,DETECTED,orange,756,578,32,34,780
1763877624.937,kreo2,DETECTED,orange,576,354,22,24,398
1763877624.956,kreo1,DETECTED,orange,756,578,32,34,810
1763877624.969,kreo2,DETECTED,orange,574,354,24,24,416
1763877624.972,kreo1,DETECTED,orange,756,578,32,34,776
1763877624.985,kreo2,DETECTED,orange,572,354,26,24,430
1763877624.992,kreo1,DETECTED,orange,756,576,32,36,862
1763877625.005,kreo2,DETECTED,orange,572,352,26,26,472
1763877625.024,kreo1,DETECTED,orange,756,578,32,34,790
1763877625.038,kreo2,DETECTED,orange,572,352,26,26,454
1763877625.056,kreo1,DETECTED,orange,756,578,32,34,820
1763877625.069,kreo2,DETECTED,orange,576,354,22,24,388
1763877625.072,kreo1,DETECTED,orange,756,578,32,34,774
1763877625.086,kreo2,DETECTED,orange,574,354,24,24,418
1763877625.092,kreo1,DETECTED,orange,756,578,32,34,828
1763877625.105,kreo2,DETECTED,orange,572,354,26,24,452
1763877625.124,kreo1,DETECTED,orange,756,578,32,34,774
1763877625.137,kreo2,DETECTED,orange,572,354,26,24,434
1763877625.156,kreo1,DETECTED,orange,756,578,32,32,780
1763877625.169,kreo2,DETECTED,orange,572,354,24,24,396
1763877625.172,kreo1,DETECTED,orange,756,578,32,34,800
1763877625.186,kreo2,DETECTED,orange,574,354,22,24,404
1763877625.192,kreo1,DETECTED,orange,756,576,32,36,854
1763877625.205,kreo2,DETECTED,orange,572,354,24,24,424
1763877625.224,kreo1,DETECTED,orange,756,578,32,34,786
1763877625.237,kreo2,DETECTED,orange,574,354,24,24,412
1763877625.256,kreo1,DETECTED,orange,756,578,32,34,796
1763877625.269,kreo2,DETECTED,orange,576,354,22,24,400
1763877625.272,kreo1,DETECTED,orange,756,578,32,34,808
1763877625.285,kreo2,DETECTED,orange,572,354,26,24,428
1763877625.292,kreo1,DETECTED,orange,756,576,32,36,862
1763877625.305,kreo2,DETECTED,orange,572,354,24,24,438
1763877625.324,kreo1,DETECTED,orange,756,578,32,34,810
1763877625.338,kreo2,DETECTED,orange,576,354,22,24,398
1763877625.356,kreo1,DETECTED,orange,756,578,32,34,820
1763877625.369,kreo2,DETECTED,orange,572,354,24,24,404
1763877625.372,kreo1,DETECTED,orange,756,578,32,34,802
1763877625.385,kreo2,DETECTED,orange,574,354,24,24,422
1763877625.392,kreo1,DETECTED,orange,756,576,32,36,864
1763877625.405,kreo2,DETECTED,orange,572,354,26,24,436
1763877625.424,kreo1,DETECTED,orange,756,578,32,34,820
1763877625.437,kreo2,DETECTED,orange,574,354,22,26,422
1763877625.456,kreo1,DETECTED,orange,756,578,32,34,840
1763877625.469,kreo2,DETECTED,orange,574,354,24,24,414
1763877625.472,kreo1,DETECTED,orange,756,578,32,34,790
1763877625.485,kreo2,DETECTED,orange,576,354,20,24,370
1763877625.493,kreo1,DETECTED,orange,756,576,32,36,874
1763877625.505,kreo2,DETECTED,orange,572,354,26,24,468
1763877625.524,kreo1,DETECTED,orange,756,578,32,34,826
1763877625.537,kreo2,DETECTED,orange,572,354,26,24,430
1763877625.556,kreo1,DETECTED,orange,756,576,32,36,844
1763877625.569,kreo2,DETECTED,orange,572,354,26,24,392
1763877625.572,kreo1,DETECTED,orange,756,578,32,34,800
1763877625.572,kreo1,DETECTED,orange,690,64,14,12,118
1763877625.585,kreo2,DETECTED,orange,572,354,26,24,434
1763877625.592,kreo1,DETECTED,orange,756,578,32,34,834
1763877625.605,kreo2,DETECTED,orange,572,354,26,24,444
1763877625.624,kreo1,DETECTED,orange,756,578,32,34,812
1763877625.637,kreo2,DETECTED,orange,572,352,26,26,462
1763877625.656,kreo1,DETECTED,orange,756,578,32,34,822
1763877625.669,kreo2,DETECTED,orange,576,354,22,22,330
1763877625.672,kreo1,DETECTED,orange,756,578,32,34,784
1763877625.685,kreo2,DETECTED,orange,576,354,22,24,398
1763877625.692,kreo1,DETECTED,orange,756,576,32,36,848
1763877625.705,kreo2,DETECTED,orange,572,354,24,24,410
1763877625.724,kreo1,DETECTED,orange,756,578,32,34,790
1763877625.737,kreo2,DETECTED,orange,572,354,26,24,430
1763877625.756,kreo1,DETECTED,orange,756,578,32,34,808
1763877625.769,kreo2,DETECTED,orange,576,354,20,24,374
1763877625.772,kreo1,DETECTED,orange,756,578,32,34,780
1763877625.785,kreo2,DETECTED,orange,576,354,20,24,378
1763877625.792,kreo1,DETECTED,orange,756,578,32,34,848
1763877625.806,kreo2,DETECTED,orange,572,354,26,24,442
1763877625.825,kreo1,DETECTED,orange,756,578,32,34,800
1763877625.839,kreo2,DETECTED,orange,572,354,24,24,416
1763877625.857,kreo1,DETECTED,orange,756,576,32,36,838
1763877625.870,kreo2,DETECTED,orange,576,354,20,24,366
1763877625.873,kreo1,DETECTED,orange,756,578,32,34,808
1763877625.886,kreo2,DETECTED,orange,576,354,20,24,378
1763877625.894,kreo1,DETECTED,orange,756,576,32,36,856
1763877625.906,kreo2,DETECTED,orange,572,354,26,24,436
1763877625.924,kreo1,DETECTED,orange,756,578,32,34,810
1763877625.937,kreo2,DETECTED,orange,576,354,20,24,362
1763877625.956,kreo1,DETECTED,orange,756,578,32,34,788
1763877625.969,kreo2,DETECTED,orange,576,354,20,24,326
1763877625.972,kreo1,DETECTED,orange,756,576,32,34,796
1763877625.985,kreo2,DETECTED,orange,576,354,22,24,398
1763877625.992,kreo1,DETECTED,orange,756,576,32,36,866
1763877626.005,kreo2,DETECTED,orange,572,354,24,24,416
1763877626.024,kreo1,DETECTED,orange,756,576,32,36,822
1763877626.038,kreo2,DETECTED,orange,574,354,22,24,402
1763877626.056,kreo1,DETECTED,orange,756,578,32,34,810
1763877626.069,kreo2,DETECTED,orange,572,354,24,24,408
1763877626.073,kreo1,DETECTED,orange,756,578,32,34,792
1763877626.085,kreo2,DETECTED,orange,572,354,26,24,442
1763877626.092,kreo1,DETECTED,orange,756,576,32,36,856
1763877626.105,kreo2,DETECTED,orange,574,354,22,24,408
1763877626.124,kreo1,DETECTED,orange,756,578,32,34,790
1763877626.137,kreo2,DETECTED,orange,572,354,26,24,430
1763877626.156,kreo1,DETECTED,orange,756,578,32,34,800
1763877626.169,kreo2,DETECTED,orange,572,354,24,24,404
1763877626.172,kreo1,DETECTED,orange,756,578,32,34,790
1763877626.185,kreo2,DETECTED,orange,574,354,24,24,428
1763877626.192,kreo1,DETECTED,orange,756,576,32,36,856
1763877626.206,kreo2,DETECTED,orange,572,354,24,24,404
